"Date","Price","Open","High","Low","Vol.","Change %"
"2025-12-01","680.27","678.81","682.99","678.74","61.20M","-0.46%"
"2025-11-28","683.39","680.86","683.66","680.50","49.21M","0.55%"
"2025-11-26","679.68","677.63","681.70","676.72","71.88M","0.69%"
"2025-11-25","675.02","668.63","676.21","664.48","81.08M","0.94%"
"2025-11-24","668.73","662.69","670.06","661.59","80.44M","1.47%"
"2025-11-21","659.03","655.05","664.55","650.85","123.96M","1.00%"
"2025-11-20","652.53","672.91","675.56","651.89","165.29M","-1.52%"
"2025-11-19","662.63","660.78","667.34","658.74","94.70M","0.39%"
"2025-11-18","660.08","662.09","665.12","655.86","114.47M","-0.84%"
"2025-11-17","665.67","669.70","673.71","662.17","90.46M","-0.93%"
"2025-11-14","671.93","665.38","675.66","663.27","96.85M","-0.02%"
"2025-11-13","672.04","680.50","680.86","670.52","103.46M","-1.66%"
"2025-11-12","683.38","684.79","684.96","680.95","62.31M","0.06%"
"2025-11-11","683.00","679.95","683.57","678.73","58.95M","0.23%"
"2025-11-10","681.44","677.23","682.18","675.03","75.84M","1.56%"
"2025-11-07","670.97","667.91","671.08","661.21","100.59M","0.10%"
"2025-11-06","670.31","676.47","677.38","668.72","85.04M","-1.07%"
"2025-11-05","677.58","674.98","680.86","674.17","74.40M","0.35%"
"2025-11-04","675.24","676.11","679.96","674.58","78.43M","-1.19%"
"2025-11-03","683.34","685.67","685.80","679.94","57.32M","0.19%"
"2025-10-31","682.06","685.04","685.08","679.24","87.16M","0.33%"
"2025-10-30","679.83","683.90","685.94","679.83","76.34M","-1.10%"
"2025-10-29","687.39","688.72","689.70","682.87","85.36M","0.05%"
"2025-10-28","687.06","687.05","688.91","684.83","61.74M","0.27%"
"2025-10-27","685.24","682.73","685.54","682.11","63.34M","1.18%"
"2025-10-24","677.25","676.46","678.47","675.65","74.36M","0.82%"
"2025-10-23","671.76","668.12","672.71","667.80","65.60M","0.59%"
"2025-10-22","667.80","672.00","672.00","663.30","80.56M","-0.52%"
"2025-10-21","671.29","671.44","672.99","669.98","56.25M","0.00%"
"2025-10-20","671.30","667.32","672.21","667.27","60.49M","1.04%"
"2025-10-17","664.39","659.50","665.76","658.14","96.50M","0.57%"
"2025-10-16","660.64","666.82","668.71","657.11","110.56M","-0.68%"
"2025-10-15","665.17","666.82","670.23","658.93","81.70M","0.44%"
"2025-10-14","662.23","657.17","665.83","653.17","88.78M","-0.12%"
"2025-10-13","663.04","660.65","665.13","659.77","79.56M","1.53%"
"2025-10-10","653.02","672.13","673.95","652.84","159.42M","-2.70%"
"2025-10-09","671.16","673.53","673.94","669.21","66.50M","-0.29%"
"2025-10-08","673.11","670.25","673.21","669.42","60.70M","0.60%"
"2025-10-07","669.12","672.54","672.99","667.67","72.02M","-0.37%"
"2025-10-06","671.61","671.62","672.51","669.46","54.62M","0.36%"
"2025-10-03","669.21","669.99","672.67","668.16","70.49M","0.00%"
"2025-10-02","669.22","670.45","670.57","666.78","56.90M","0.12%"
"2025-10-01","668.45","663.17","669.37","663.06","72.55M","0.34%"
"2025-09-30","666.18","662.93","666.65","661.61","86.29M","0.38%"
"2025-09-29","663.68","664.36","665.28","661.86","73.50M","0.28%"
"2025-09-26","661.82","659.51","662.37","657.88","69.18M","0.57%"
"2025-09-25","658.05","657.94","659.41","654.41","89.62M","-0.46%"
"2025-09-24","661.10","664.51","664.61","659.67","68.08M","-0.32%"
"2025-09-23","663.21","666.72","667.34","661.98","81.71M","-0.54%"
"2025-09-22","666.84","662.20","667.29","662.17","69.45M","0.47%"
"2025-09-19","663.70","662.33","664.55","660.37","97.95M","0.22%"
"2025-09-18","662.26","661.89","664.89","660.27","90.46M","0.47%"
"2025-09-17","659.18","660.01","661.72","654.30","101.95M","-0.12%"
"2025-09-16","660.00","661.47","661.78","659.21","61.17M","-0.14%"
"2025-09-15","660.91","659.64","661.04","659.34","63.77M","0.53%"
"2025-09-12","657.41","657.60","659.11","656.90","72.78M","-0.03%"
"2025-09-11","657.63","654.18","658.33","653.59","69.93M","0.83%"
"2025-09-10","652.21","653.62","654.55","650.63","78.03M","0.29%"
"2025-09-09","650.33","648.97","650.86","647.22","66.13M","0.23%"
"2025-09-08","648.83","648.62","649.84","647.23","63.13M","0.25%"
"2025-09-05","647.24","651.48","652.21","643.33","85.18M","-0.29%"
"2025-09-04","649.12","644.42","649.15","643.51","65.22M","0.84%"
"2025-09-03","643.74","642.67","644.21","640.46","70.82M","0.54%"
"2025-09-02","640.27","637.50","640.49","634.92","81.98M","-0.74%"
"2025-08-29","645.05","647.47","647.84","643.14","74.52M","-0.60%"
"2025-08-28","648.92","647.24","649.48","645.34","61.52M","0.35%"
"2025-08-27","646.63","644.57","647.37","644.42","48.34M","0.23%"
"2025-08-26","645.16","642.20","645.51","641.57","51.58M","0.42%"
"2025-08-25","642.47","644.04","645.29","642.35","51.27M","-0.44%"
"2025-08-22","645.31","637.76","646.50","637.25","84.08M","1.54%"
"2025-08-21","635.55","636.28","637.97","633.81","54.81M","-0.40%"
"2025-08-20","638.11","639.40","639.66","632.95","88.89M","-0.27%"
"2025-08-19","639.81","643.12","644.10","638.48","69.75M","-0.54%"
"2025-08-18","643.30","642.86","644.00","642.18","43.80M","-0.02%"
"2025-08-15","643.44","645.99","646.09","642.52","68.59M","-0.23%"
"2025-08-14","644.95","642.79","645.62","642.34","59.33M","0.01%"
"2025-08-13","644.89","644.91","646.19","642.68","60.09M","0.34%"
"2025-08-12","642.69","638.29","642.85","636.79","64.82M","1.06%"
"2025-08-11","635.92","637.46","638.95","634.66","58.74M","-0.20%"
"2025-08-08","637.18","634.06","637.65","633.74","64.05M","0.78%"
"2025-08-07","632.25","636.24","636.98","629.11","74.21M","-0.08%"
"2025-08-06","632.78","629.05","633.44","628.13","64.36M","0.77%"
"2025-08-05","627.97","631.79","632.61","627.04","68.05M","-0.51%"
"2025-08-04","631.17","625.67","631.22","625.58","73.22M","1.52%"
"2025-08-01","621.72","626.30","626.34","619.29","140.10M","-1.64%"
"2025-07-31","632.08","639.46","639.85","630.77","103.39M","-0.38%"
"2025-07-30","634.46","635.92","637.68","631.54","80.42M","-0.13%"
"2025-07-29","635.26","638.35","638.67","634.34","60.56M","-0.26%"
"2025-07-28","636.94","637.48","638.04","635.54","54.92M","-0.03%"
"2025-07-25","637.10","635.09","637.58","634.84","56.87M","0.42%"
"2025-07-24","634.42","634.60","636.15","633.99","71.31M","0.03%"
"2025-07-23","634.21","631.55","634.21","629.73","70.51M","0.85%"
"2025-07-22","628.86","629.10","629.73","626.19","60.05M","0.01%"
"2025-07-21","628.77","628.77","631.54","628.34","63.37M","0.19%"
"2025-07-18","627.58","629.30","629.47","626.46","65.62M","-0.07%"
"2025-07-17","628.04","624.40","628.40","624.18","68.89M","0.61%"
"2025-07-16","624.22","623.74","624.73","618.05","88.99M","0.33%"
"2025-07-15","622.14","627.52","627.86","622.06","74.32M","-0.43%"
"2025-07-14","624.81","623.16","625.16","621.80","51.90M","0.19%"
"2025-07-11","623.62","622.74","624.86","621.53","63.67M","-0.35%"
"2025-07-10","625.82","624.20","626.87","623.01","57.53M","0.28%"
"2025-07-09","624.06","622.77","624.72","620.91","66.11M","0.60%"
"2025-07-08","620.34","621.35","622.11","619.52","59.02M","-0.05%"
"2025-07-07","620.68","623.36","624.03","617.87","74.81M","-0.75%"
"2025-07-03","625.34","622.45","626.28","622.43","51.07M","0.79%"
"2025-07-02","620.45","617.24","620.49","616.61","66.51M","0.45%"
"2025-07-01","617.65","616.36","618.83","615.52","70.03M","-0.03%"
"2025-06-30","617.85","617.38","619.22","615.04","92.50M","0.48%"
"2025-06-27","614.91","612.88","616.39","610.83","86.26M","0.50%"
"2025-06-26","611.87","608.99","612.31","608.37","78.55M","0.78%"
"2025-06-25","607.12","607.91","608.61","605.54","62.11M","0.06%"
"2025-06-24","606.78","604.33","607.85","603.41","67.74M","1.10%"
"2025-06-23","600.15","595.04","600.54","591.89","87.43M","0.99%"
"2025-06-20","594.28","598.38","599.46","592.86","94.05M","-0.53%"
"2025-06-18","597.44","598.44","601.22","596.47","76.61M","-0.02%"
"2025-06-17","597.53","600.21","601.75","596.76","82.21M","-0.85%"
"2025-06-16","602.68","600.40","604.45","600.22","79.98M","0.95%"
"2025-06-13","597.00","598.50","601.85","595.48","89.51M","-1.12%"
"2025-06-12","603.75","600.01","603.75","599.52","64.13M","0.40%"
"2025-06-11","601.36","604.19","605.06","599.27","73.66M","-0.29%"
"2025-06-10","603.08","600.22","603.47","599.09","66.25M","0.57%"
"2025-06-09","599.68","599.72","601.25","598.49","53.02M","0.09%"
"2025-06-06","599.14","598.66","600.83","596.86","66.59M","1.03%"
"2025-06-05","593.05","597.63","599.00","591.05","92.44M","-0.48%"
"2025-06-04","595.93","596.96","597.95","595.49","57.31M","-0.03%"
"2025-06-03","596.09","592.34","597.08","591.85","63.61M","0.57%"
"2025-06-02","592.71","587.76","592.79","585.06","61.63M","0.56%"
"2025-05-30","589.39","588.93","591.13","583.23","90.60M","-0.11%"
"2025-05-29","590.05","593.06","593.20","586.07","70.07M","0.39%"
"2025-05-28","587.73","591.56","592.77","586.98","68.45M","-0.58%"
"2025-05-27","591.15","586.07","591.31","578.43","72.59M","2.08%"
"2025-05-23","579.11","575.98","581.81","575.60","76.03M","-0.68%"
"2025-05-22","583.09","582.66","586.62","581.41","70.86M","0.04%"
"2025-05-21","582.86","588.44","592.58","581.82","95.20M","-1.69%"
"2025-05-20","592.85","593.09","594.05","589.60","60.61M","-0.34%"
"2025-05-19","594.85","588.10","595.54","588.10","68.17M","0.11%"
"2025-05-16","594.20","591.25","594.50","589.28","76.05M","0.63%"
"2025-05-15","590.46","585.56","590.97","585.10","71.27M","0.49%"
"2025-05-14","587.59","587.81","588.98","585.53","66.28M","0.13%"
"2025-05-13","586.84","583.41","589.08","582.84","67.95M","0.66%"
"2025-05-12","582.99","581.47","583.00","577.04","78.99M","3.30%"
"2025-05-09","564.34","566.48","567.50","562.76","37.60M","-0.13%"
"2025-05-08","565.06","565.24","570.31","561.70","65.13M","0.70%"
"2025-05-07","561.15","560.15","563.82","556.04","55.73M","0.42%"
"2025-05-06","558.80","557.93","563.35","556.96","48.26M","-0.84%"
"2025-05-05","563.51","562.57","566.65","561.70","38.66M","-0.57%"
"2025-05-02","566.76","564.73","568.38","562.38","60.72M","1.48%"
"2025-05-01","558.47","560.37","564.07","557.86","63.19M","0.71%"
"2025-04-30","554.54","547.57","556.52","541.52","93.10M","0.04%"
"2025-04-29","554.32","548.91","555.45","548.55","47.78M","0.63%"
"2025-04-28","550.85","551.39","553.55","545.02","47.61M","0.04%"
"2025-04-25","550.64","546.65","551.05","543.69","61.12M","0.72%"
"2025-04-24","546.69","536.72","547.43","535.45","64.15M","2.10%"
"2025-04-23","535.42","540.43","545.43","533.88","90.59M","1.55%"
"2025-04-22","527.25","520.14","529.30","519.19","75.95M","2.60%"
"2025-04-21","513.88","521.16","521.70","508.46","69.37M","-2.38%"
"2025-04-17","526.41","527.64","531.16","523.91","79.87M","0.14%"
"2025-04-16","525.66","531.68","537.89","520.29","83.48M","-2.22%"
"2025-04-15","537.61","539.67","543.23","536.81","56.89M","-0.28%"
"2025-04-14","539.12","544.05","544.28","533.86","68.03M","0.97%"
"2025-04-11","533.94","523.01","536.43","520.07","97.87M","1.78%"
"2025-04-10","524.58","532.17","533.49","509.32","162.33M","-4.38%"
"2025-04-09","548.62","493.44","548.62","493.05","241.87M","10.50%"
"2025-04-08","496.48","521.86","524.98","489.16","165.82M","-1.57%"
"2025-04-07","504.38","489.19","523.17","481.80","256.61M","-0.18%"
"2025-04-04","505.28","523.67","525.87","505.06","217.97M","-5.85%"
"2025-04-03","536.70","545.11","547.97","536.70","125.99M","-4.93%"
"2025-04-02","564.52","555.05","567.42","554.81","76.01M","0.63%"
"2025-04-01","560.97","557.45","562.94","553.68","54.61M","0.28%"
"2025-03-31","559.39","549.83","560.71","546.87","95.33M","0.67%"
"2025-03-28","555.66","565.53","566.27","555.07","71.66M","-2.01%"
"2025-03-27","567.08","567.18","570.90","564.94","42.16M","-0.27%"
"2025-03-26","568.59","575.19","576.33","567.19","52.23M","-1.19%"
"2025-03-25","575.46","575.30","576.41","573.69","38.36M","0.24%"
"2025-03-24","574.08","570.80","575.15","570.20","58.77M","1.79%"
"2025-03-21","563.98","559.28","564.89","558.03","83.76M","-0.27%"
"2025-03-20","565.49","563.33","570.57","562.60","62.96M","-0.29%"
"2025-03-19","567.13","562.83","570.95","561.63","66.56M","1.09%"
"2025-03-18","561.02","564.80","565.02","559.06","66.04M","-1.08%"
"2025-03-17","567.15","562.79","569.71","562.35","49.01M","0.77%"
"2025-03-14","562.81","556.11","563.83","551.49","62.66M","2.07%"
"2025-03-13","551.42","558.49","559.10","549.68","74.08M","-1.33%"
"2025-03-12","558.87","562.17","563.11","553.69","69.59M","0.53%"
"2025-03-11","555.92","559.40","564.02","552.02","88.10M","-0.83%"
"2025-03-10","560.58","567.59","569.54","555.59","99.33M","-2.66%"
"2025-03-07","575.92","570.90","577.39","565.63","81.16M","0.56%"
"2025-03-06","572.71","575.48","580.17","570.12","80.09M","-1.78%"
"2025-03-05","583.06","576.69","584.88","573.08","71.23M","1.07%"
"2025-03-04","576.86","579.71","585.39","572.25","109.65M","-1.18%"
"2025-03-03","583.77","596.18","597.34","579.90","74.25M","-1.75%"
"2025-02-28","594.18","585.56","594.72","582.44","88.74M","1.56%"
"2025-02-27","585.05","596.85","598.02","584.65","74.20M","-1.60%"
"2025-02-26","594.54","595.93","599.58","591.86","43.32M","0.05%"
"2025-02-25","594.24","597.15","597.89","589.56","58.27M","-0.50%"
"2025-02-24","597.21","602.02","603.03","596.49","50.74M","-0.46%"
"2025-02-21","599.94","610.16","610.30","599.47","76.52M","-1.71%"
"2025-02-20","610.38","611.54","611.68","607.02","36.55M","-0.42%"
"2025-02-19","612.93","610.08","613.23","609.56","31.01M","0.24%"
"2025-02-18","611.49","610.88","611.49","608.38","26.75M","0.29%"
"2025-02-14","609.70","609.94","610.99","609.07","26.91M","0.00%"
"2025-02-13","609.73","604.48","609.94","603.20","40.92M","1.06%"
"2025-02-12","603.36","599.20","604.55","598.51","45.08M","-0.32%"
"2025-02-11","605.31","602.55","605.86","602.43","30.06M","0.08%"
"2025-02-10","604.85","604.03","605.50","602.74","26.05M","0.68%"
"2025-02-07","600.77","606.89","608.13","600.05","50.79M","-0.92%"
"2025-02-06","606.32","605.99","606.45","602.63","35.77M","0.35%"
"2025-02-05","604.22","600.64","604.37","598.58","30.65M","0.41%"
"2025-02-04","601.78","597.83","602.30","597.28","33.46M","0.67%"
"2025-02-03","597.77","592.67","600.29","590.49","65.86M","-0.67%"
"2025-01-31","601.82","607.50","609.96","601.05","66.67M","-0.53%"
"2025-01-30","605.04","603.96","606.60","600.72","39.28M","0.54%"
"2025-01-29","601.81","603.72","604.13","599.22","37.18M","-0.45%"
"2025-01-28","604.52","600.62","605.37","597.25","44.43M","0.86%"
"2025-01-27","599.37","594.81","599.69","594.64","70.36M","-1.41%"
"2025-01-24","607.97","609.81","610.78","606.80","34.60M","-0.29%"
"2025-01-23","609.75","605.80","609.75","605.52","41.15M","0.55%"
"2025-01-22","606.44","605.92","607.82","605.36","48.20M","0.56%"
"2025-01-21","603.05","600.67","603.06","598.67","42.53M","0.92%"
"2025-01-17","597.58","596.96","599.36","595.61","58.07M","1.00%"
"2025-01-16","591.64","594.17","594.35","590.93","43.32M","-0.19%"
"2025-01-15","592.78","590.33","593.94","589.20","56.90M","1.82%"
"2025-01-14","582.19","584.36","585.00","578.35","48.42M","0.14%"
"2025-01-13","581.39","575.77","581.75","575.35","47.91M","0.16%"
"2025-01-10","580.49","585.88","585.95","578.55","73.11M","-1.53%"
"2025-01-08","589.49","588.70","590.58","585.20","47.30M","0.15%"
"2025-01-07","588.63","597.42","597.75","586.78","60.39M","-1.13%"
"2025-01-06","595.36","596.27","599.70","593.60","47.68M","0.58%"
"2025-01-03","591.95","587.53","592.60","586.43","37.89M","1.25%"
"2025-01-02","584.64","589.39","591.13","580.50","50.20M","-0.25%"
"2024-12-31","586.08","589.91","590.64","584.42","57.05M","-0.36%"
"2024-12-30","588.22","587.89","591.74","584.41","56.58M","-1.14%"
"2024-12-27","595.01","597.54","597.78","590.76","64.97M","-1.05%"
"2024-12-26","601.34","599.50","602.48","598.08","41.34M","0.01%"
"2024-12-24","601.30","596.06","601.34","595.47","33.16M","1.11%"
"2024-12-23","594.69","590.89","595.30","587.66","57.64M","0.60%"
"2024-12-20","591.15","581.77","595.75","580.91","125.72M","0.86%"
"2024-12-19","586.10","591.36","593.00","585.85","85.92M","-0.03%"
"2024-12-18","586.28","603.98","606.41","585.89","108.25M","-2.98%"
"2024-12-17","604.29","604.19","605.17","602.89","55.77M","-0.41%"
"2024-12-16","606.79","606.00","607.78","605.21","43.70M","0.43%"
"2024-12-13","604.21","606.40","607.13","602.81","35.90M","-0.02%"
"2024-12-12","604.33","606.58","607.16","604.33","31.54M","-0.52%"
"2024-12-11","607.46","605.78","608.43","605.50","28.68M","0.77%"
"2024-12-10","602.80","605.37","605.80","602.13","37.23M","-0.31%"
"2024-12-09","604.68","607.69","607.86","604.08","34.74M","-0.51%"
"2024-12-06","607.81","607.44","609.07","607.02","31.24M","0.19%"
"2024-12-05","606.66","607.66","608.48","606.30","28.76M","-0.16%"
"2024-12-04","607.66","605.63","607.91","604.95","42.79M","0.62%"
"2024-12-03","603.91","603.39","604.16","602.34","26.91M","0.05%"
"2024-12-02","603.63","602.97","604.32","602.47","31.75M","0.18%"
"2024-11-29","602.55","599.66","603.35","599.38","30.18M","0.62%"
"2024-11-27","598.83","600.46","600.85","597.28","34.00M","-0.30%"
"2024-11-26","600.65","598.80","601.33","598.07","45.62M","0.52%"
"2024-11-25","597.53","599.52","600.86","595.20","42.44M","0.34%"
"2024-11-22","595.51","593.66","596.15","593.15","38.23M","0.31%"
"2024-11-21","593.67","593.40","595.12","587.45","46.75M","0.54%"
"2024-11-20","590.50","590.38","590.79","584.63","50.03M","0.03%"
"2024-11-19","590.30","584.71","591.04","584.03","49.41M","0.37%"
"2024-11-18","588.15","586.22","589.49","585.34","37.08M","0.41%"
"2024-11-15","585.75","589.72","590.20","583.86","75.99M","-1.28%"
"2024-11-14","593.35","597.32","597.81","592.65","38.90M","-0.64%"
"2024-11-13","597.19","597.37","599.23","594.96","47.39M","0.05%"
"2024-11-12","596.90","598.68","599.29","594.37","43.01M","-0.31%"
"2024-11-11","598.76","599.81","600.17","597.00","37.59M","0.10%"
"2024-11-08","598.19","596.17","599.64","596.16","46.44M","0.43%"
"2024-11-07","595.61","593.08","596.65","593.00","47.23M","0.77%"
"2024-11-06","591.04","589.20","591.93","585.39","68.18M","2.49%"
"2024-11-05","576.70","570.74","576.74","570.52","39.48M","1.21%"
"2024-11-04","569.81","571.18","572.50","567.89","38.22M","-0.22%"
"2024-11-01","571.04","571.32","575.55","570.62","45.67M","0.42%"
"2024-10-31","568.64","575.56","575.63","568.44","60.18M","-1.96%"
"2024-10-30","580.01","581.29","583.32","579.29","41.44M","-0.30%"
"2024-10-29","581.77","579.85","582.91","578.43","42.90M","0.16%"
"2024-10-28","580.83","582.58","582.71","580.52","30.17M","0.31%"
"2024-10-25","579.04","581.51","584.46","578.08","47.27M","-0.03%"
"2024-10-24","579.24","579.98","580.06","576.57","34.98M","0.22%"
"2024-10-23","577.99","581.26","581.71","574.41","49.31M","-0.91%"
"2024-10-22","583.32","581.05","584.50","580.38","34.18M","-0.05%"
"2024-10-21","583.63","583.85","584.85","580.60","36.44M","-0.16%"
"2024-10-18","584.59","584.07","585.39","582.58","37.42M","0.38%"
"2024-10-17","582.35","585.91","586.12","582.16","34.39M","0.01%"
"2024-10-16","582.30","579.78","582.83","578.96","30.73M","0.43%"
"2024-10-15","579.78","584.59","584.90","578.54","54.20M","-0.78%"
"2024-10-14","584.32","581.22","585.27","580.73","36.22M","0.82%"
"2024-10-11","579.58","576.05","580.33","575.91","42.27M","0.60%"
"2024-10-10","576.13","575.77","577.58","574.49","44.14M","-0.18%"
"2024-10-09","577.14","573.16","577.71","572.55","37.91M","0.69%"
"2024-10-08","573.17","570.42","573.78","569.53","37.40M","0.95%"
"2024-10-07","567.80","571.30","571.96","566.63","49.96M","-0.90%"
"2024-10-04","572.98","572.35","573.36","568.10","43.01M","0.91%"
"2024-10-03","567.82","567.36","569.80","565.49","40.85M","-0.18%"
"2024-10-02","568.86","567.71","569.90","565.27","38.10M","0.04%"
"2024-10-01","568.62","573.40","574.06","566.00","72.67M","-0.90%"
"2024-09-30","573.76","570.42","574.38","568.08","63.66M","0.40%"
"2024-09-27","571.47","573.39","574.22","570.42","42.10M","-0.15%"
"2024-09-26","572.30","574.38","574.71","569.90","48.34M","0.40%"
"2024-09-25","570.04","571.14","571.89","568.91","38.43M","-0.22%"
"2024-09-24","571.30","570.48","571.36","567.60","46.81M","0.29%"
"2024-09-23","569.67","569.34","570.33","568.10","44.12M","0.25%"
"2024-09-20","568.25","567.84","569.31","565.17","77.50M","-0.48%"
"2024-09-19","570.98","571.01","572.88","568.08","75.32M","1.71%"
"2024-09-18","561.40","563.74","568.69","560.83","59.04M","-0.30%"
"2024-09-17","563.07","565.10","566.58","560.79","49.32M","0.04%"
"2024-09-16","562.84","561.74","563.11","559.90","36.66M","0.15%"
"2024-09-13","562.01","559.71","563.03","559.45","39.31M","0.52%"
"2024-09-12","559.09","555.01","559.40","552.74","51.89M","0.84%"
"2024-09-11","554.42","548.70","555.36","539.96","75.25M","1.03%"
"2024-09-10","548.79","548.36","549.15","543.38","36.39M","0.44%"
"2024-09-09","546.41","544.65","547.71","542.68","40.45M","1.12%"
"2024-09-06","540.36","549.94","551.60","539.44","68.49M","-1.68%"
"2024-09-05","549.61","550.89","553.80","547.10","44.26M","-0.24%"
"2024-09-04","550.95","550.20","554.43","549.46","47.22M","-0.20%"
"2024-09-03","552.08","560.47","560.81","549.51","60.60M","-2.06%"
"2024-08-30","563.68","560.77","564.20","557.14","62.70M","0.95%"
"2024-08-29","558.35","560.31","563.68","557.18","38.72M","0.01%"
"2024-08-28","558.30","561.21","561.65","555.04","41.07M","-0.58%"
"2024-08-27","561.56","559.49","562.06","558.32","32.69M","0.14%"
"2024-08-26","560.79","563.18","563.91","559.05","35.79M","-0.24%"
"2024-08-23","562.13","559.53","563.09","557.29","50.64M","1.06%"
"2024-08-22","556.22","562.56","563.18","554.98","56.12M","-0.78%"
"2024-08-21","560.62","559.77","562.11","554.73","41.51M","0.34%"
"2024-08-20","558.70","559.15","560.84","557.33","33.73M","-0.16%"
"2024-08-19","559.61","554.73","559.61","553.86","39.12M","0.96%"
"2024-08-16","554.31","551.42","555.02","551.26","44.43M","0.22%"
"2024-08-15","553.07","549.50","553.36","548.88","60.85M","1.71%"
"2024-08-14","543.75","542.85","544.96","540.12","42.45M","0.32%"
"2024-08-13","542.04","536.53","542.28","536.28","52.33M","1.64%"
"2024-08-12","533.27","534.21","535.73","530.95","42.54M","0.05%"
"2024-08-09","532.99","529.81","534.51","528.56","45.62M","0.44%"
"2024-08-08","530.65","523.91","531.29","521.84","63.28M","2.31%"
"2024-08-07","518.66","528.47","531.59","518.05","70.70M","-0.67%"
"2024-08-06","522.15","519.22","529.75","517.87","84.83M","0.92%"
"2024-08-05","517.38","511.64","523.58","510.27","146.27M","-2.91%"
"2024-08-02","532.90","535.75","536.99","528.60","82.79M","-1.86%"
"2024-08-01","543.01","552.57","554.87","539.43","76.43M","-1.42%"
"2024-07-31","550.81","548.98","553.50","547.58","65.66M","1.63%"
"2024-07-30","542.00","546.26","547.34","538.52","46.85M","-0.51%"
"2024-07-29","544.76","546.02","547.05","542.72","39.52M","0.06%"
"2024-07-26","544.44","542.28","547.19","541.49","53.76M","1.12%"
"2024-07-25","538.41","541.35","547.46","537.45","61.16M","-0.52%"
"2024-07-24","541.23","548.86","549.17","540.29","74.52M","-2.27%"
"2024-07-23","553.78","554.54","556.73","553.28","34.44M","-0.16%"
"2024-07-22","554.65","553.00","555.27","551.02","43.35M","1.03%"
"2024-07-19","548.99","552.42","554.08","547.91","65.51M","-0.66%"
"2024-07-18","552.66","558.51","559.52","550.43","56.27M","-0.77%"
"2024-07-17","556.94","558.80","560.51","556.61","57.12M","-1.40%"
"2024-07-16","564.86","562.86","565.16","562.10","36.48M","0.59%"
"2024-07-15","561.53","562.03","564.84","559.63","40.58M","0.28%"
"2024-07-12","559.99","557.63","563.67","557.15","53.08M","0.63%"
"2024-07-11","556.48","561.44","562.33","555.83","53.05M","-0.86%"
"2024-07-10","561.32","557.07","561.67","556.77","38.70M","0.99%"
"2024-07-09","555.82","556.26","557.18","555.52","27.31M","0.10%"
"2024-07-08","555.28","555.44","556.25","554.19","36.11M","0.12%"
"2024-07-05","554.64","551.77","555.05","551.12","41.49M","0.58%"
"2024-07-03","551.46","548.69","551.83","548.65","32.79M","0.45%"
"2024-07-02","549.01","543.70","549.01","543.65","40.43M","0.67%"
"2024-07-01","545.34","545.63","545.88","542.52","40.30M","0.21%"
"2024-06-28","544.22","547.16","550.28","542.95","76.14M","-0.39%"
"2024-06-27","546.37","545.37","546.96","544.61","35.04M","0.16%"
"2024-06-26","545.51","543.69","546.24","543.03","38.55M","0.12%"
"2024-06-25","544.83","543.99","545.20","542.44","38.27M","0.39%"
"2024-06-24","542.74","544.33","546.95","542.62","45.53M","-0.33%"
"2024-06-21","544.51","544.40","545.65","543.02","64.51M","-0.46%"
"2024-06-20","547.00","549.44","550.12","545.18","70.33M","-0.27%"
"2024-06-18","548.49","547.16","548.62","546.73","41.38M","0.25%"
"2024-06-17","547.10","542.08","548.53","541.61","55.84M","0.80%"
"2024-06-14","542.78","540.88","542.81","539.85","40.09M","0.06%"
"2024-06-13","542.45","543.15","543.33","539.59","44.76M","0.20%"
"2024-06-12","541.36","541.63","544.12","540.30","63.25M","0.82%"
"2024-06-11","536.95","534.07","537.01","532.05","36.38M","0.24%"
"2024-06-10","535.66","533.18","535.99","532.57","35.73M","0.31%"
"2024-06-07","534.01","533.66","536.89","532.53","43.22M","-0.12%"
"2024-06-06","534.66","534.98","535.42","532.68","30.81M","0.00%"
"2024-06-05","534.67","530.77","534.69","528.73","47.61M","1.19%"
"2024-06-04","528.39","526.46","529.15","524.96","34.63M","0.11%"
"2024-06-03","527.80","529.02","529.31","522.60","46.84M","0.08%"
"2024-05-31","527.37","523.59","527.50","518.36","90.79M","0.91%"
"2024-05-30","522.61","524.52","525.20","521.33","46.47M","-0.66%"
"2024-05-29","526.10","525.68","527.31","525.37","45.19M","-0.70%"
"2024-05-28","529.81","530.27","530.51","527.11","36.27M","0.07%"
"2024-05-24","529.44","527.85","530.27","526.88","41.29M","0.66%"
"2024-05-23","525.96","532.96","533.07","524.72","57.21M","-0.73%"
"2024-05-22","529.83","530.65","531.38","527.60","48.39M","-0.29%"
"2024-05-21","531.36","529.28","531.52","529.07","33.44M","0.25%"
"2024-05-20","530.06","529.57","531.56","529.17","37.76M","0.12%"
"2024-05-17","529.45","528.81","529.52","527.32","59.19M","0.14%"
"2024-05-16","528.69","529.88","531.52","528.54","50.24M","-0.21%"
"2024-05-15","529.78","525.83","530.08","525.18","59.50M","1.24%"
"2024-05-14","523.30","521.11","523.83","520.56","57.54M","0.46%"
"2024-05-13","520.91","522.56","522.67","519.74","36.72M","0.01%"
"2024-05-10","520.84","521.81","522.64","519.59","52.23M","0.13%"
"2024-05-09","520.17","517.38","520.21","516.71","43.64M","0.58%"
"2024-05-08","517.19","515.26","517.74","515.14","42.05M","0.01%"
"2024-05-07","517.14","517.56","518.57","516.45","52.56M","0.11%"
"2024-05-06","516.57","513.75","516.61","513.30","47.26M","1.03%"
"2024-05-03","511.29","511.16","512.55","508.56","72.76M","1.24%"
"2024-05-02","505.03","504.15","505.89","499.55","62.55M","0.94%"
"2024-05-01","500.35","501.38","508.19","499.86","80.24M","-0.32%"
"2024-04-30","501.98","508.56","509.56","501.98","77.48M","-1.58%"
"2024-04-29","510.06","510.09","510.75","507.25","46.42M","0.35%"
"2024-04-26","508.26","506.35","509.88","505.70","64.31M","0.95%"
"2024-04-25","503.49","499.18","504.27","497.49","69.12M","-0.38%"
"2024-04-24","505.41","506.56","507.37","503.13","55.93M","-0.05%"
"2024-04-23","505.65","501.78","506.09","499.53","64.63M","1.19%"
"2024-04-22","499.72","497.83","502.38","495.43","67.96M","0.92%"
"2024-04-19","495.16","499.44","500.45","493.86","102.21M","-0.87%"
"2024-04-18","499.52","501.98","504.13","498.56","74.55M","-0.21%"
"2024-04-17","500.55","506.05","506.22","499.12","75.91M","-0.59%"
"2024-04-16","503.53","504.94","506.50","502.21","73.48M","-0.18%"
"2024-04-15","504.45","515.13","515.30","503.58","92.10M","-1.25%"
"2024-04-12","510.85","514.37","515.82","509.08","92.56M","-1.38%"
"2024-04-11","518.00","515.68","519.48","512.08","70.10M","0.75%"
"2024-04-10","514.12","513.48","516.16","512.09","82.65M","-1.00%"
"2024-04-09","519.32","520.50","520.75","514.35","68.12M","0.12%"
"2024-04-08","518.72","519.15","520.18","517.89","48.40M","0.06%"
"2024-04-05","518.43","514.46","520.44","514.01","74.55M","1.04%"
"2024-04-04","513.07","523.52","523.87","512.76","96.86M","-1.22%"
"2024-04-03","519.41","517.72","520.95","517.66","59.16M","0.11%"
"2024-04-02","518.84","518.24","518.98","516.48","74.23M","-0.64%"
"2024-04-01","522.16","523.83","524.38","520.97","62.48M","-0.17%"
"2024-03-28","523.07","523.21","524.61","522.78","96.29M","-0.02%"
"2024-03-27","523.17","521.71","523.21","519.48","83.00M","0.84%"
"2024-03-26","518.81","521.23","521.58","518.40","65.46M","-0.18%"
"2024-03-25","519.77","519.80","520.95","519.61","48.51M","-0.28%"
"2024-03-22","521.21","522.11","522.60","520.97","79.07M","-0.19%"
"2024-03-21","522.20","523.39","524.11","521.91","60.26M","0.33%"
"2024-03-20","520.48","515.77","520.62","515.08","69.59M","0.92%"
"2024-03-19","515.71","512.15","515.99","511.12","60.76M","0.56%"
"2024-03-18","512.86","514.00","515.48","512.44","88.89M","0.59%"
"2024-03-15","509.83","510.21","511.70","508.12","107.65M","-0.99%"
"2024-03-14","514.95","516.97","517.13","511.82","110.17M","-0.20%"
"2024-03-13","515.97","517.11","517.29","514.49","55.10M","-0.16%"
"2024-03-12","516.78","513.45","517.38","510.86","73.11M","1.08%"
"2024-03-11","511.28","510.48","511.88","508.50","62.56M","-0.09%"
"2024-03-08","511.72","515.46","518.22","511.13","86.53M","-0.60%"
"2024-03-07","514.81","513.14","515.89","509.81","58.65M","0.99%"
"2024-03-06","509.75","510.55","512.07","508.42","68.38M","0.51%"
"2024-03-05","507.18","510.24","510.70","504.91","72.86M","-1.00%"
"2024-03-04","512.30","512.03","514.20","512.00","49.80M","-0.11%"
"2024-03-01","512.85","508.98","513.29","508.56","76.84M","0.94%"
"2024-02-29","508.08","508.07","509.74","505.35","83.92M","0.36%"
"2024-02-28","506.26","505.33","506.86","504.96","56.51M","-0.13%"
"2024-02-27","506.93","506.70","507.16","504.75","48.85M","0.19%"
"2024-02-26","505.99","508.30","508.75","505.86","50.39M","-0.37%"
"2024-02-23","507.85","509.27","510.13","507.10","61.32M","0.07%"
"2024-02-22","507.50","504.01","508.49","503.02","76.40M","2.07%"
"2024-02-21","497.21","495.42","497.37","493.56","59.60M","0.09%"
"2024-02-20","496.76","497.72","498.41","494.45","71.74M","-0.55%"
"2024-02-16","499.51","501.70","502.87","498.75","75.53M","-0.50%"
"2024-02-15","502.01","499.29","502.20","498.80","61.68M","0.69%"
"2024-02-14","498.57","496.79","499.07","494.40","68.39M","0.91%"
"2024-02-13","494.08","494.53","497.09","490.71","113.10M","-1.38%"
"2024-02-12","500.98","501.17","503.50","500.24","56.50M","-0.04%"
"2024-02-09","501.20","498.84","501.65","498.49","63.98M","0.58%"
"2024-02-08","498.32","498.10","498.71","497.26","52.34M","0.04%"
"2024-02-07","498.10","496.29","498.53","495.36","70.56M","0.83%"
"2024-02-06","493.98","493.52","494.32","492.05","55.92M","0.29%"
"2024-02-05","492.55","493.70","494.38","490.23","75.76M","-0.36%"
"2024-02-02","494.35","489.65","496.05","489.30","99.23M","1.05%"
"2024-02-01","489.20","484.63","489.23","483.80","91.89M","1.31%"
"2024-01-31","482.88","488.62","489.08","482.86","126.01M","-1.63%"
"2024-01-30","490.89","490.56","491.62","490.11","58.62M","-0.08%"
"2024-01-29","491.27","487.73","491.42","487.17","61.32M","0.79%"
"2024-01-26","487.41","487.59","489.12","486.54","76.64M","-0.13%"
"2024-01-25","488.03","487.58","488.30","485.39","72.52M","0.54%"
"2024-01-24","485.39","487.81","488.77","484.88","81.77M","0.11%"
"2024-01-23","484.86","484.01","485.11","482.89","49.95M","0.29%"
"2024-01-22","483.45","484.01","485.22","482.78","75.84M","0.21%"
"2024-01-19","482.43","477.65","482.72","476.54","110.83M","1.25%"
"2024-01-18","476.49","474.01","477.06","472.42","91.86M","0.89%"
"2024-01-17","472.29","471.82","472.79","469.87","68.84M","-0.56%"
"2024-01-16","474.93","475.26","476.61","473.06","85.01M","-0.37%"
"2024-01-12","476.68","477.84","478.60","475.23","58.03M","0.07%"
"2024-01-11","476.35","477.59","478.12","472.26","77.94M","-0.04%"
"2024-01-10","476.56","474.16","477.45","473.87","67.31M","0.57%"
"2024-01-09","473.88","471.87","474.93","471.35","65.93M","-0.15%"
"2024-01-08","474.60","468.43","474.75","468.30","74.88M","1.43%"
"2024-01-05","467.92","467.49","470.44","466.43","86.12M","0.14%"
"2024-01-04","467.28","468.30","470.96","467.05","84.23M","-0.32%"
"2024-01-03","468.79","470.43","471.19","468.17","103.59M","-0.82%"
"2024-01-02","472.65","472.16","473.67","470.49","123.01M","-0.56%"
"2023-12-29","475.31","476.49","477.03","473.30","122.28M","-0.29%"
"2023-12-28","476.69","476.88","477.55","476.26","77.16M","0.04%"
"2023-12-27","476.51","475.44","476.66","474.89","68.00M","0.18%"
"2023-12-26","475.65","474.07","476.58","473.99","55.39M","0.42%"
"2023-12-22","473.65","473.86","475.38","471.70","67.16M","0.20%"
"2023-12-21","472.70","471.33","472.98","468.84","86.67M","0.95%"
"2023-12-20","468.26","473.96","475.89","467.82","102.92M","-1.39%"
"2023-12-19","474.84","472.53","474.92","472.45","55.76M","0.61%"
"2023-12-18","471.97","470.98","472.98","469.89","70.38M","0.56%"
"2023-12-15","469.33","469.49","470.70","467.43","141.55M","-0.57%"
"2023-12-14","472.01","472.50","473.73","469.25","119.03M","0.32%"
"2023-12-13","470.50","464.49","470.76","464.12","93.28M","1.38%"
"2023-12-12","464.10","461.63","464.20","460.60","68.33M","0.46%"
"2023-12-11","461.99","459.69","462.17","459.47","65.00M","0.39%"
"2023-12-08","460.20","457.46","460.74","457.21","83.19M","0.43%"
"2023-12-07","458.23","456.91","458.90","456.29","67.00M","0.76%"
"2023-12-06","454.76","458.81","458.84","454.31","69.12M","-0.40%"
"2023-12-05","456.60","455.26","457.59","454.87","69.79M","-0.02%"
"2023-12-04","456.69","455.60","459.12","454.34","72.43M","-0.52%"
"2023-12-01","459.10","455.77","459.65","455.16","89.18M","0.59%"
"2023-11-30","456.40","455.48","456.76","453.34","79.75M","0.39%"
"2023-11-29","454.61","457.15","458.32","454.20","63.15M","-0.07%"
"2023-11-28","454.93","454.08","456.27","453.50","62.12M","0.10%"
"2023-11-27","454.48","454.65","455.49","454.08","50.51M","-0.18%"
"2023-11-24","455.30","455.07","455.50","454.73","29.74M","0.06%"
"2023-11-22","455.02","454.98","456.38","453.89","59.45M","0.39%"
"2023-11-21","453.27","453.18","454.13","451.96","49.24M","-0.22%"
"2023-11-20","454.26","450.53","455.13","450.52","70.06M","0.77%"
"2023-11-17","450.79","450.24","451.42","449.29","83.19M","0.12%"
"2023-11-16","450.23","449.22","450.56","448.12","66.67M","0.12%"
"2023-11-15","449.68","450.11","451.38","448.80","77.33M","0.21%"
"2023-11-14","448.73","446.32","450.06","446.09","97.18M","1.94%"
"2023-11-13","440.19","439.23","441.33","438.42","52.24M","-0.10%"
"2023-11-10","440.61","435.98","440.93","433.83","89.56M","1.56%"
"2023-11-09","433.84","438.43","438.47","433.40","83.17M","-0.78%"
"2023-11-08","437.25","437.55","438.09","434.87","61.75M","0.07%"
"2023-11-07","436.93","435.69","437.58","434.51","64.26M","0.28%"
"2023-11-06","435.69","435.47","436.15","433.68","67.83M","0.23%"
"2023-11-03","434.69","433.14","436.29","433.01","100.17M","0.91%"
"2023-11-02","430.76","426.58","430.92","426.56","94.94M","1.92%"
"2023-11-01","422.66","419.20","423.50","418.65","98.07M","1.07%"
"2023-10-31","418.20","416.18","418.53","414.21","79.67M","0.63%"
"2023-10-30","415.59","413.56","416.68","412.22","86.56M","1.20%"
"2023-10-27","410.68","414.19","414.60","409.21","107.37M","-0.45%"
"2023-10-26","412.55","416.45","417.33","411.60","115.16M","-1.20%"
"2023-10-25","417.55","421.89","421.92","417.02","94.22M","-1.44%"
"2023-10-24","423.63","422.65","424.82","420.74","78.56M","0.75%"
"2023-10-23","420.46","419.61","424.45","417.80","92.04M","-0.17%"
"2023-10-20","421.19","425.98","426.54","421.08","123.92M","-1.23%"
"2023-10-19","426.43","430.95","432.82","425.73","121.32M","-0.88%"
"2023-10-18","430.21","434.19","435.18","429.09","93.56M","-1.33%"
"2023-10-17","436.02","432.81","438.14","432.45","75.32M","0.00%"
"2023-10-16","436.04","433.82","437.14","433.57","75.43M","1.05%"
"2023-10-13","431.50","435.21","436.45","429.88","95.20M","-0.50%"
"2023-10-12","433.66","436.95","437.33","431.23","81.15M","-0.61%"
"2023-10-11","436.32","435.64","436.58","433.18","62.45M","0.41%"
"2023-10-10","434.54","432.94","437.22","432.53","78.61M","0.52%"
"2023-10-09","432.29","427.58","432.88","427.01","80.37M","0.64%"
"2023-10-06","429.54","421.97","431.13","420.60","113.27M","1.19%"
"2023-10-05","424.50","424.36","425.37","421.17","70.14M","-0.04%"
"2023-10-04","424.66","422.07","425.43","420.56","87.45M","0.73%"
"2023-10-03","421.59","425.06","427.37","420.18","103.76M","-1.34%"
"2023-10-02","427.31","426.62","428.60","424.46","83.80M","-0.04%"
"2023-09-29","427.48","431.67","431.85","425.91","115.11M","-0.24%"
"2023-09-28","428.52","425.48","430.25","424.87","92.26M","0.58%"
"2023-09-27","426.05","427.09","427.67","422.29","104.71M","0.04%"
"2023-09-26","425.88","429.09","429.82","425.02","96.17M","-1.47%"
"2023-09-25","432.23","429.17","432.27","428.72","70.87M","0.42%"
"2023-09-22","430.42","432.45","434.10","429.99","100.83M","-0.22%"
"2023-09-21","431.39","435.70","435.97","431.23","104.10M","-1.65%"
"2023-09-20","438.64","444.01","444.43","438.43","82.56M","-0.92%"
"2023-09-19","442.71","442.68","443.29","439.94","66.51M","-0.21%"
"2023-09-18","443.63","443.05","444.97","442.56","55.75M","0.06%"
"2023-09-15","443.37","447.14","447.48","442.92","111.85M","-1.55%"
"2023-09-14","450.36","449.07","451.08","447.71","83.43M","0.86%"
"2023-09-13","446.51","446.22","447.71","445.08","60.20M","0.12%"
"2023-09-12","445.99","446.95","448.53","445.39","67.57M","-0.55%"
"2023-09-11","448.45","448.24","448.77","446.47","60.18M","0.66%"
"2023-09-08","445.52","444.90","447.11","444.53","62.07M","0.15%"
"2023-09-07","444.85","443.11","445.55","442.75","70.36M","-0.31%"
"2023-09-06","446.22","448.40","448.51","443.81","70.76M","-0.67%"
"2023-09-05","449.24","450.73","451.06","449.17","55.17M","-0.43%"
"2023-09-01","451.19","453.17","453.67","449.68","58.94M","0.19%"
"2023-08-31","450.35","451.65","452.83","450.16","66.08M","-0.15%"
"2023-08-30","451.01","449.51","451.67","448.78","69.05M","0.41%"
"2023-08-29","449.16","442.65","449.45","442.46","83.08M","1.45%"
"2023-08-28","442.76","442.24","443.40","439.97","61.60M","0.63%"
"2023-08-25","439.97","438.68","441.30","435.00","102.33M","0.70%"
"2023-08-24","436.89","444.69","445.22","436.86","88.52M","-1.39%"
"2023-08-23","443.03","439.25","443.67","439.10","68.44M","1.11%"
"2023-08-22","438.15","441.18","441.18","437.57","65.06M","-0.27%"
"2023-08-21","439.34","437.55","440.11","435.32","68.72M","0.65%"
"2023-08-18","436.50","433.37","437.57","433.01","98.85M","0.05%"
"2023-08-17","436.29","441.16","441.43","435.75","95.71M","-0.76%"
"2023-08-16","439.64","442.46","444.18","439.53","80.11M","-0.73%"
"2023-08-15","442.89","446.27","446.64","442.30","75.71M","-1.16%"
"2023-08-14","448.11","444.70","448.11","444.38","47.87M","0.55%"
"2023-08-11","445.65","443.97","446.70","443.35","68.69M","-0.06%"
"2023-08-10","445.91","448.19","451.70","444.70","93.01M","0.04%"
"2023-08-09","445.75","449.03","449.20","444.96","78.79M","-0.67%"
"2023-08-08","448.75","448.08","450.70","445.27","71.36M","-0.43%"
"2023-08-07","450.71","448.71","450.86","447.99","58.36M","0.87%"
"2023-08-04","446.81","450.72","452.89","446.27","100.13M","-0.45%"
"2023-08-03","448.84","448.04","450.79","447.37","64.42M","-0.29%"
"2023-08-02","450.13","453.25","453.52","449.35","93.93M","-1.39%"
"2023-08-01","456.48","456.27","457.25","455.49","55.50M","-0.29%"
"2023-07-31","457.79","457.41","458.16","456.05","62.04M","0.19%"
"2023-07-28","456.92","455.88","457.78","452.49","80.01M","0.98%"
"2023-07-27","452.49","459.02","459.44","451.55","92.19M","-0.66%"
"2023-07-26","455.51","454.47","456.99","453.38","71.05M","0.02%"
"2023-07-25","455.44","453.92","456.73","453.87","55.19M","0.27%"
"2023-07-24","454.20","453.37","455.04","452.30","54.02M","0.45%"
"2023-07-21","452.18","453.96","454.17","452.17","71.28M","0.00%"
"2023-07-20","452.18","454.17","455.10","451.44","70.59M","-0.66%"
"2023-07-19","455.20","455.01","456.43","454.11","65.89M","0.22%"
"2023-07-18","454.19","450.50","454.86","450.05","80.74M","0.74%"
"2023-07-17","450.84","449.13","451.93","449.08","52.68M","0.35%"
"2023-07-14","449.28","450.48","451.36","448.49","69.82M","-0.06%"
"2023-07-13","449.56","447.90","450.38","447.45","72.43M","0.79%"
"2023-07-12","446.02","446.39","447.48","444.91","91.92M","0.80%"
"2023-07-11","442.46","440.45","442.97","439.44","64.46M","0.64%"
"2023-07-10","439.66","438.18","439.84","437.58","62.44M","0.25%"
"2023-07-07","438.55","438.63","442.64","438.30","86.13M","-0.25%"
"2023-07-06","439.66","439.42","440.10","437.06","80.66M","-0.78%"
"2023-07-05","443.13","441.91","443.89","441.90","58.42M","-0.15%"
"2023-07-03","443.79","442.92","444.08","442.63","32.79M","0.12%"
"2023-06-30","443.28","441.44","444.30","441.11","104.96M","1.18%"
"2023-06-29","438.11","435.96","438.28","435.54","67.88M","0.39%"
"2023-06-28","436.39","435.05","437.44","434.41","75.64M","0.05%"
"2023-06-27","436.17","432.35","436.81","431.88","72.81M","1.10%"
"2023-06-26","431.44","432.62","434.61","431.19","72.82M","-0.41%"
"2023-06-23","433.21","432.93","435.06","432.47","92.07M","-0.76%"
"2023-06-22","436.51","433.95","436.62","433.60","70.64M","0.36%"
"2023-06-21","434.94","436.16","436.99","434.33","76.98M","-0.51%"
"2023-06-20","437.18","437.45","438.37","435.03","76.16M","-0.52%"
"2023-06-16","439.46","443.02","443.61","438.97","114.17M","-0.71%"
"2023-06-15","442.60","436.33","443.90","436.23","110.30M","1.24%"
"2023-06-14","437.18","437.01","439.06","433.59","100.61M","0.12%"
"2023-06-13","436.66","435.32","437.33","434.63","95.90M","0.66%"
"2023-06-12","433.80","430.92","433.88","430.17","76.26M","0.91%"
"2023-06-09","429.90","429.96","431.99","428.87","85.65M","0.18%"
"2023-06-08","429.13","426.62","429.60","425.82","61.95M","0.60%"
"2023-06-07","426.55","428.44","429.62","426.11","85.37M","-0.35%"
"2023-06-06","428.03","426.67","428.58","425.99","64.02M","0.22%"
"2023-06-05","427.10","428.28","429.67","426.37","70.32M","-0.19%"
"2023-06-02","427.92","424.50","428.74","423.95","91.43M","1.45%"
"2023-06-01","421.82","418.09","422.92","416.79","88.87M","0.95%"
"2023-05-31","417.85","418.28","419.22","416.22","110.81M","-0.55%"
"2023-05-30","420.18","422.03","422.58","418.73","72.22M","0.04%"
"2023-05-26","420.02","415.33","420.77","415.25","93.83M","1.30%"
"2023-05-25","414.65","414.74","416.16","412.41","90.96M","0.87%"
"2023-05-24","411.09","412.42","412.82","409.88","89.21M","-0.72%"
"2023-05-23","414.09","417.08","418.72","413.68","86.38M","-1.12%"
"2023-05-22","418.79","418.64","420.39","417.35","60.75M","0.04%"
"2023-05-19","418.62","420.17","420.72","417.35","103.79M","-0.15%"
"2023-05-18","419.23","414.90","419.67","414.67","97.18M","0.96%"
"2023-05-17","415.23","412.35","415.86","410.64","87.29M","1.21%"
"2023-05-16","410.25","411.86","412.82","410.24","57.71M","-0.67%"
"2023-05-15","413.01","412.22","413.43","410.23","54.29M","0.35%"
"2023-05-12","411.59","413.42","413.64","409.07","70.48M","-0.13%"
"2023-05-11","412.13","411.95","412.43","409.97","70.16M","-0.17%"
"2023-05-10","412.85","413.88","414.54","408.87","96.14M","0.47%"
"2023-05-09","410.93","411.13","412.09","410.69","49.22M","-0.44%"
"2023-05-08","412.74","412.97","413.24","411.28","50.05M","0.03%"
"2023-05-05","412.63","408.91","413.72","408.64","87.89M","1.85%"
"2023-05-04","405.13","406.93","407.27","403.74","94.90M","-0.71%"
"2023-05-03","408.02","411.36","413.87","407.77","91.53M","-0.69%"
"2023-05-02","410.84","414.77","414.82","407.82","104.00M","-1.12%"
"2023-05-01","415.51","415.47","417.62","415.27","62.12M","-0.10%"
"2023-04-28","415.93","411.49","415.94","411.43","89.43M","0.85%"
"2023-04-27","412.41","407.00","412.69","406.74","92.97M","1.99%"
"2023-04-26","404.36","406.72","407.84","403.78","80.45M","-0.42%"
"2023-04-25","406.08","410.58","411.16","406.02","97.77M","-1.59%"
"2023-04-24","412.63","411.99","413.07","410.60","64.33M","0.10%"
"2023-04-21","412.20","412.19","412.68","410.17","73.46M","0.08%"
"2023-04-20","411.88","411.21","413.70","410.27","75.84M","-0.55%"
"2023-04-19","414.14","412.22","415.08","412.16","55.23M","-0.02%"
"2023-04-18","414.21","415.58","415.72","412.78","63.56M","0.07%"
"2023-04-17","413.94","412.37","413.96","411.08","66.44M","0.36%"
"2023-04-14","412.46","412.81","415.09","410.06","78.16M","-0.24%"
"2023-04-13","413.47","409.18","413.84","407.99","85.81M","1.33%"
"2023-04-12","408.05","411.87","412.17","407.44","86.42M","-0.41%"
"2023-04-11","409.72","410.26","411.18","408.92","59.30M","0.03%"
"2023-04-10","409.61","406.61","409.69","405.97","63.68M","0.10%"
"2023-04-06","409.19","406.77","409.48","405.68","63.74M","0.39%"
"2023-04-05","407.60","407.91","408.70","405.88","65.20M","-0.26%"
"2023-04-04","408.67","411.62","411.92","407.24","66.60M","-0.55%"
"2023-04-03","410.95","408.85","411.37","408.44","67.39M","0.38%"
"2023-03-31","409.39","404.66","409.70","404.55","112.06M","1.41%"
"2023-03-30","403.70","404.09","404.35","401.76","69.84M","0.59%"
"2023-03-29","401.35","399.92","401.60","398.68","77.50M","1.45%"
"2023-03-28","395.60","395.77","396.49","393.69","62.87M","-0.22%"
"2023-03-27","396.49","398.12","398.92","395.56","74.01M","0.19%"
"2023-03-24","395.75","391.84","395.84","389.40","107.77M","0.66%"
"2023-03-23","393.17","395.09","399.29","390.35","119.35M","0.27%"
"2023-03-22","392.11","398.73","402.49","392.07","111.75M","-1.70%"
"2023-03-21","398.91","397.24","399.41","395.58","91.52M","1.31%"
"2023-03-20","393.74","390.80","394.17","390.07","93.06M","0.96%"
"2023-03-17","389.99","393.22","394.40","388.55","140.55M","-1.55%"
"2023-03-16","396.11","386.82","396.47","386.29","143.75M","1.75%"
"2023-03-15","389.28","385.89","389.49","383.71","173.00M","-0.63%"
"2023-03-14","391.73","390.50","393.45","387.05","149.75M","1.65%"
"2023-03-13","385.36","381.81","390.39","380.65","157.79M","-0.14%"
"2023-03-10","385.91","390.99","393.16","384.32","189.25M","-1.44%"
"2023-03-09","391.56","399.74","401.48","390.53","111.95M","-1.84%"
"2023-03-08","398.92","398.39","399.71","396.59","74.75M","0.16%"
"2023-03-07","398.27","404.42","404.67","397.63","108.31M","-1.53%"
"2023-03-06","404.47","405.05","407.45","404.01","72.80M","0.07%"
"2023-03-03","404.19","399.71","404.45","399.03","90.12M","1.60%"
"2023-03-02","397.81","392.68","398.69","392.33","85.40M","0.78%"
"2023-03-01","394.74","395.41","396.69","393.38","99.71M","-0.38%"
"2023-02-28","396.26","397.23","399.28","396.15","96.44M","-0.37%"
"2023-02-27","397.73","399.87","401.29","396.75","80.44M","0.34%"
"2023-02-24","396.38","395.42","397.25","393.64","108.19M","-1.07%"
"2023-02-23","400.66","401.56","402.20","396.25","96.24M","0.53%"
"2023-02-22","398.54","399.52","401.13","397.02","83.74M","-0.14%"
"2023-02-21","399.09","403.06","404.16","398.82","82.66M","-2.01%"
"2023-02-17","407.26","406.06","407.51","404.05","89.26M","-0.25%"
"2023-02-16","408.28","408.79","412.91","408.14","76.43M","-1.38%"
"2023-02-15","413.98","410.35","414.06","409.47","61.69M","0.32%"
"2023-02-14","412.64","411.24","415.05","408.51","88.39M","-0.05%"
"2023-02-13","412.83","408.72","412.97","408.24","64.91M","1.17%"
"2023-02-10","408.04","405.86","408.44","405.01","70.77M","0.23%"
"2023-02-09","407.09","414.41","414.57","405.81","78.69M","-0.87%"
"2023-02-08","410.65","413.13","414.53","409.93","76.23M","-1.09%"
"2023-02-07","415.19","408.87","416.49","407.57","90.99M","1.31%"
"2023-02-06","409.83","409.79","411.29","408.10","60.30M","-0.61%"
"2023-02-03","412.35","411.59","416.97","411.09","94.74M","-1.06%"
"2023-02-02","416.78","414.86","418.31","412.88","101.65M","1.46%"
"2023-02-01","410.80","405.21","413.67","402.35","101.46M","1.06%"
"2023-01-31","406.48","401.13","406.53","400.77","86.81M","1.47%"
"2023-01-30","400.59","402.80","405.13","400.28","74.20M","-1.25%"
"2023-01-27","405.68","403.65","408.16","403.44","68.35M","0.23%"
"2023-01-26","404.75","403.13","404.92","400.03","72.29M","1.10%"
"2023-01-25","400.35","395.95","400.70","393.56","84.80M","0.04%"
"2023-01-24","400.20","398.88","401.15","397.64","59.52M","-0.11%"
"2023-01-23","400.63","396.72","402.64","395.72","84.18M","1.20%"
"2023-01-20","395.88","390.10","396.04","388.38","91.81M","1.86%"
"2023-01-19","388.64","389.36","391.08","387.26","86.96M","-0.73%"
"2023-01-18","391.49","399.01","400.12","391.28","99.63M","-1.58%"
"2023-01-17","397.77","398.48","400.23","397.06","62.68M","-0.18%"
"2023-01-13","398.50","393.62","399.10","393.34","63.90M","0.39%"
"2023-01-12","396.96","396.67","398.48","392.42","90.16M","0.36%"
"2023-01-11","395.52","392.23","395.60","391.38","68.88M","1.26%"
"2023-01-10","390.58","387.25","390.65","386.27","65.36M","0.70%"
"2023-01-09","387.86","390.37","393.70","387.67","73.98M","-0.06%"
"2023-01-06","388.08","382.61","389.25","379.41","104.19M","2.29%"
"2023-01-05","379.38","381.72","381.84","378.76","76.97M","-1.14%"
"2023-01-04","383.76","383.18","385.88","380.00","85.93M","0.77%"
"2023-01-03","380.82","384.37","386.43","377.83","74.85M","-0.42%"
"2022-12-30","382.43","380.64","382.58","378.43","84.02M","-0.26%"
"2022-12-29","383.44","379.63","384.35","379.08","66.97M","1.80%"
"2022-12-28","376.66","381.33","383.39","376.42","70.91M","-1.24%"
"2022-12-27","381.40","382.79","383.15","379.65","51.64M","-0.39%"
"2022-12-23","382.91","379.65","383.06","378.03","59.86M","0.58%"
"2022-12-22","380.72","383.05","386.21","374.77","100.12M","-1.43%"
"2022-12-21","386.23","383.25","387.41","382.69","78.17M","1.50%"
"2022-12-20","380.54","379.23","382.23","377.85","74.43M","0.14%"
"2022-12-19","380.02","383.47","383.82","378.28","79.88M","-0.85%"
"2022-12-16","383.27","385.18","386.58","381.04","119.86M","-1.63%"
"2022-12-15","389.63","394.30","395.25","387.89","117.71M","-2.45%"
"2022-12-14","399.40","401.61","405.50","396.31","108.11M","-0.64%"
"2022-12-13","401.97","410.22","410.49","399.07","123.78M","0.76%"
"2022-12-12","398.95","394.11","398.95","393.41","75.41M","1.44%"
"2022-12-09","393.28","394.94","397.62","393.15","81.45M","-0.75%"
"2022-12-08","396.24","395.14","397.36","393.27","60.74M","0.78%"
"2022-12-07","393.16","392.94","395.64","391.97","65.93M","-0.17%"
"2022-12-06","393.83","399.42","399.99","391.64","77.97M","-1.44%"
"2022-12-05","399.59","403.95","404.93","398.17","77.29M","-1.80%"
"2022-12-02","406.91","402.25","407.86","402.14","85.34M","-0.12%"
"2022-12-01","407.38","408.77","410.00","404.75","76.40M","-0.07%"
"2022-11-30","407.68","395.49","407.68","393.48","144.57M","3.15%"
"2022-11-29","395.23","396.05","397.30","393.30","52.31M","-0.17%"
"2022-11-28","395.91","399.09","400.81","395.11","68.02M","-1.60%"
"2022-11-25","402.33","401.83","402.91","401.54","30.55M","-0.02%"
"2022-11-23","402.42","399.55","402.93","399.31","68.26M","0.63%"
"2022-11-22","399.90","396.63","400.07","395.15","60.43M","1.35%"
"2022-11-21","394.59","394.64","395.82","392.66","51.24M","-0.36%"
"2022-11-18","396.03","397.74","397.81","393.04","92.92M","0.45%"
"2022-11-17","394.24","390.46","394.95","390.14","74.50M","-0.31%"
"2022-11-16","395.45","396.78","397.78","394.79","68.51M","-0.76%"
"2022-11-15","398.49","401.15","402.31","394.49","93.19M","0.85%"
"2022-11-14","395.12","396.66","400.18","394.83","71.89M","-0.85%"
"2022-11-11","398.51","395.59","399.35","393.61","93.84M","0.97%"
"2022-11-10","394.69","388.05","395.04","385.64","141.46M","5.50%"
"2022-11-09","374.13","379.93","381.14","373.61","78.50M","-2.06%"
"2022-11-08","382.00","381.11","385.12","377.72","84.64M","0.54%"
"2022-11-07","379.95","377.71","380.57","375.53","68.29M","0.96%"
"2022-11-04","376.35","377.00","378.87","370.00","103.51M","1.44%"
"2022-11-03","371.01","371.46","374.20","368.79","87.10M","-1.03%"
"2022-11-02","374.87","383.90","388.63","374.76","126.99M","-2.51%"
"2022-11-01","384.52","390.14","390.39","383.29","85.41M","-0.44%"
"2022-10-31","386.21","386.44","388.40","385.26","96.63M","-0.72%"
"2022-10-28","389.02","379.87","389.52","379.68","100.30M","2.38%"
"2022-10-27","379.98","383.07","385.00","379.33","81.97M","-0.53%"
"2022-10-26","382.02","381.62","387.58","381.35","104.09M","-0.75%"
"2022-10-25","384.92","378.79","385.25","378.67","78.85M","1.60%"
"2022-10-24","378.87","375.89","380.06","373.11","85.44M","1.22%"
"2022-10-21","374.29","365.12","374.80","363.54","131.04M","2.43%"
"2022-10-20","365.41","368.03","372.67","364.61","88.28M","-0.84%"
"2022-10-19","368.50","368.99","371.85","365.55","79.75M","-0.71%"
"2022-10-18","371.13","375.13","375.45","367.52","97.16M","1.17%"
"2022-10-17","366.82","364.01","367.98","357.28","93.17M","2.57%"
"2022-10-14","357.63","368.55","370.26","356.96","123.74M","-2.28%"
"2022-10-13","365.97","349.20","367.51","348.11","147.25M","2.64%"
"2022-10-12","356.56","358.17","359.82","356.30","76.99M","-0.33%"
"2022-10-11","357.74","358.23","363.03","355.71","92.48M","-0.63%"
"2022-10-10","360.02","363.96","364.21","357.67","76.04M","-0.76%"
"2022-10-07","362.79","368.97","373.29","360.94","107.79M","-2.79%"
"2022-10-06","373.20","375.62","378.72","372.68","82.33M","-1.03%"
"2022-10-05","377.09","373.39","379.46","370.95","88.07M","-0.23%"
"2022-10-04","377.97","372.40","378.00","366.57","103.60M","3.10%"
"2022-10-03","366.61","361.08","368.55","359.21","89.76M","2.64%"
"2022-09-30","357.18","361.80","365.91","357.04","153.71M","-1.55%"
"2022-09-29","362.79","366.81","367.11","359.70","112.95M","-2.09%"
"2022-09-28","370.53","364.38","372.30","362.60","110.80M","1.97%"
"2022-09-27","363.38","368.02","370.40","360.87","108.29M","-0.26%"
"2022-09-26","364.31","366.41","370.21","363.03","92.58M","-0.99%"
"2022-09-23","367.95","370.58","370.62","363.29","122.35M","-1.68%"
"2022-09-22","374.22","376.58","378.30","373.44","89.47M","-0.84%"
"2022-09-21","377.39","386.11","389.31","377.38","106.75M","-1.74%"
"2022-09-20","384.09","385.06","386.12","381.20","77.27M","-1.15%"
"2022-09-19","388.55","382.26","388.55","382.18","73.28M","0.78%"
"2022-09-16","385.56","384.14","386.25","382.11","103.08M","-1.17%"
"2022-09-15","390.12","392.96","395.96","388.78","87.63M","-1.14%"
"2022-09-14","394.60","394.47","396.20","391.12","85.02M","0.38%"
"2022-09-13","393.10","401.83","403.10","391.92","122.95M","-4.35%"
"2022-09-12","410.97","408.78","411.73","408.46","69.26M","1.07%"
"2022-09-09","406.60","402.74","407.51","402.46","76.71M","1.55%"
"2022-09-08","400.38","395.39","400.86","394.12","80.82M","0.65%"
"2022-09-07","397.78","390.43","398.59","390.20","70.96M","1.80%"
"2022-09-06","390.76","393.13","394.12","388.42","76.64M","-0.38%"
"2022-09-02","392.24","400.28","401.55","390.33","99.63M","-1.05%"
"2022-09-01","396.42","392.89","396.78","390.04","78.74M","0.31%"
"2022-08-31","395.18","399.93","401.24","395.04","76.03M","-0.76%"
"2022-08-30","398.21","403.85","404.10","396.00","85.65M","-1.10%"
"2022-08-29","402.63","402.20","405.84","401.20","65.37M","-0.66%"
"2022-08-26","405.31","419.39","419.96","405.25","103.09M","-3.38%"
"2022-08-25","419.51","415.24","419.56","414.09","50.94M","1.41%"
"2022-08-24","413.67","412.11","415.11","411.39","49.18M","0.32%"
"2022-08-23","412.35","412.90","415.42","411.77","49.11M","-0.24%"
"2022-08-22","413.35","417.05","417.23","412.40","77.70M","-2.08%"
"2022-08-19","422.14","424.98","425.26","421.22","68.02M","-1.34%"
"2022-08-18","427.89","426.86","428.61","425.50","49.02M","0.29%"
"2022-08-17","426.65","425.91","429.50","424.54","63.56M","-0.71%"
"2022-08-16","429.70","427.73","431.73","426.88","59.29M","0.20%"
"2022-08-15","428.86","424.77","429.41","424.71","54.05M","0.41%"
"2022-08-12","427.10","422.03","427.21","421.03","61.69M","1.69%"
"2022-08-11","419.99","422.99","424.95","419.21","59.49M","0.00%"
"2022-08-10","419.99","418.78","420.14","416.72","68.67M","2.10%"
"2022-08-09","411.35","412.22","412.75","410.22","44.93M","-0.40%"
"2022-08-08","412.99","415.25","417.62","411.83","54.03M","-0.12%"
"2022-08-05","413.47","409.66","414.15","409.60","56.81M","-0.17%"
"2022-08-04","414.17","414.37","415.09","412.44","45.66M","-0.07%"
"2022-08-03","414.45","410.30","415.68","410.00","67.82M","1.57%"
"2022-08-02","408.06","409.12","413.00","406.82","63.44M","-0.66%"
"2022-08-01","410.77","409.15","413.41","408.40","70.00M","-0.30%"
"2022-07-29","411.99","407.58","413.03","406.77","87.00M","1.46%"
"2022-07-28","406.07","401.89","406.80","398.15","73.97M","1.25%"
"2022-07-27","401.04","394.36","402.88","394.05","82.34M","2.60%"
"2022-07-26","390.89","393.84","394.06","389.95","52.95M","-1.18%"
"2022-07-25","395.57","395.75","396.47","393.21","53.63M","0.12%"
"2022-07-22","395.09","398.92","400.18","392.75","72.20M","-0.93%"
"2022-07-21","398.79","394.16","398.84","391.63","64.90M","1.02%"
"2022-07-20","394.77","392.47","396.26","391.03","71.84M","0.64%"
"2022-07-19","392.27","386.08","392.87","385.39","78.51M","2.70%"
"2022-07-18","381.95","388.38","389.09","380.66","63.20M","-0.83%"
"2022-07-15","385.13","382.55","385.25","380.54","79.06M","1.91%"
"2022-07-14","377.91","373.61","379.05","371.04","89.70M","-0.24%"
"2022-07-13","378.83","375.10","381.92","374.66","84.22M","-0.53%"
"2022-07-12","380.83","383.65","386.16","378.99","62.22M","-0.88%"
"2022-07-11","384.23","385.85","386.87","383.50","58.37M","-1.14%"
"2022-07-08","388.67","387.27","390.64","385.66","72.40M","-0.08%"
"2022-07-07","388.99","385.12","389.83","383.27","64.53M","1.50%"
"2022-07-06","383.25","382.11","385.87","379.60","70.43M","0.34%"
"2022-07-05","381.96","375.88","381.98","372.90","81.44M","0.19%"
"2022-07-01","381.24","376.56","381.70","373.80","74.84M","1.06%"
"2022-06-30","377.25","376.24","380.66","372.56","112.51M","-0.81%"
"2022-06-29","380.34","381.23","382.27","378.42","65.68M","-0.08%"
"2022-06-28","380.65","390.23","393.16","380.53","86.69M","-2.04%"
"2022-06-27","388.59","391.05","391.36","387.44","66.01M","-0.38%"
"2022-06-24","390.08","381.40","390.09","381.36","98.05M","3.18%"
"2022-06-23","378.06","376.64","378.83","372.89","79.29M","0.98%"
"2022-06-22","374.39","370.62","378.72","370.18","90.06M","-0.18%"
"2022-06-21","375.07","371.89","376.52","371.81","76.81M","2.52%"
"2022-06-17","365.86","365.51","369.38","362.17","111.11M","-0.22%"
"2022-06-16","366.65","370.51","370.94","364.08","134.47M","-3.31%"
"2022-06-15","379.20","377.36","383.90","372.12","125.67M","1.43%"
"2022-06-14","373.87","376.85","377.94","370.59","104.01M","-0.30%"
"2022-06-13","375.00","379.85","381.81","373.30","170.00M","-3.80%"
"2022-06-10","389.80","394.88","395.78","389.75","132.89M","-2.90%"
"2022-06-09","401.44","409.34","411.74","401.44","86.29M","-2.38%"
"2022-06-08","411.22","413.93","415.82","410.38","64.35M","-1.09%"
"2022-06-07","415.74","408.10","416.22","407.61","59.27M","0.96%"
"2022-06-06","411.79","414.78","416.61","410.55","57.51M","0.30%"
"2022-06-03","410.54","412.40","414.04","409.51","71.87M","-1.64%"
"2022-06-02","417.39","409.42","417.44","407.04","79.61M","1.90%"
"2022-06-01","409.59","415.17","416.24","406.93","86.59M","-0.81%"
"2022-05-31","412.93","413.55","416.46","410.03","95.94M","-0.56%"
"2022-05-27","415.26","407.91","415.38","407.70","84.77M","2.45%"
"2022-05-26","405.31","398.67","407.04","398.45","82.17M","2.00%"
"2022-05-25","397.37","392.31","399.45","391.89","91.47M","0.88%"
"2022-05-24","393.89","392.56","395.15","386.96","91.45M","-0.76%"
"2022-05-23","396.92","392.83","397.73","390.38","76.41M","1.87%"
"2022-05-20","389.63","393.25","397.03","380.54","131.43M","0.04%"
"2022-05-19","389.46","388.62","394.14","387.11","98.51M","-0.61%"
"2022-05-18","391.86","403.50","403.80","390.55","117.67M","-4.03%"
"2022-05-17","408.32","406.53","408.57","402.58","83.03M","2.06%"
"2022-05-16","400.09","399.98","403.97","397.60","78.62M","-0.41%"
"2022-05-13","401.72","396.71","403.18","395.61","104.17M","2.39%"
"2022-05-12","392.34","389.37","395.80","385.15","125.09M","-0.10%"
"2022-05-11","392.75","398.07","404.04","391.96","142.36M","-1.59%"
"2022-05-10","399.09","404.49","406.08","394.82","132.50M","0.23%"
"2022-05-09","398.17","405.10","406.41","396.50","155.59M","-3.20%"
"2022-05-06","411.34","411.10","414.80","405.73","151.77M","-0.60%"
"2022-05-05","413.81","424.55","425.00","409.44","172.93M","-3.55%"
"2022-05-04","429.06","417.08","429.66","413.71","144.25M","3.05%"
"2022-05-03","416.38","415.01","418.93","413.36","100.03M","0.46%"
"2022-05-02","414.48","412.07","415.92","405.02","158.31M","0.60%"
"2022-04-29","412.00","423.59","425.87","411.21","145.49M","-3.70%"
"2022-04-28","427.81","422.29","429.64","417.60","105.45M","2.53%"
"2022-04-27","417.27","417.24","422.92","415.01","122.03M","0.28%"
"2022-04-26","416.10","425.83","426.04","416.07","104.00M","-2.90%"
"2022-04-25","428.51","423.67","428.69","418.84","119.65M","0.58%"
"2022-04-22","426.04","436.91","438.08","425.44","132.47M","-2.74%"
"2022-04-21","438.06","448.54","450.01","437.10","85.42M","-1.50%"
"2022-04-20","444.71","446.92","447.57","443.48","65.22M","-0.07%"
"2022-04-19","445.04","437.86","445.80","437.68","77.82M","1.61%"
"2022-04-18","437.97","436.81","439.75","435.61","66.00M","0.04%"
"2022-04-14","437.79","443.55","444.73","437.68","97.87M","-1.25%"
"2022-04-13","443.31","438.03","444.11","437.84","74.07M","1.15%"
"2022-04-12","438.29","443.08","445.75","436.65","84.36M","-0.37%"
"2022-04-11","439.92","444.11","445.00","439.39","89.77M","-1.71%"
"2022-04-08","447.57","447.97","450.63","445.94","79.27M","-0.27%"
"2022-04-07","448.77","445.59","450.69","443.53","78.10M","0.50%"
"2022-04-06","446.52","446.89","448.93","443.47","106.90M","-1.00%"
"2022-04-05","451.03","455.22","457.83","449.82","74.21M","-1.26%"
"2022-04-04","456.80","453.13","456.91","452.26","59.60M","0.86%"
"2022-04-01","452.92","453.31","453.46","449.14","89.05M","0.28%"
"2022-03-31","451.64","457.89","458.76","451.16","121.70M","-1.54%"
"2022-03-30","458.70","460.34","461.19","456.46","79.67M","-0.62%"
"2022-03-29","461.55","460.02","462.07","457.18","86.58M","1.24%"
"2022-03-28","455.91","452.06","455.91","450.06","68.53M","0.71%"
"2022-03-25","452.69","451.16","452.98","448.43","77.10M","0.49%"
"2022-03-24","450.49","445.94","450.50","444.76","64.74M","1.51%"
"2022-03-23","443.80","446.91","448.49","443.71","79.43M","-1.29%"
"2022-03-22","449.59","445.86","450.58","445.86","74.65M","1.17%"
"2022-03-21","444.39","444.34","446.46","440.68","88.35M","-0.03%"
"2022-03-18","444.52","438.00","444.86","437.22","106.35M","0.78%"
"2022-03-17","441.07","433.59","441.07","433.19","102.68M","1.25%"
"2022-03-16","435.62","429.89","435.68","424.80","144.95M","2.22%"
"2022-03-15","426.17","419.77","426.84","418.42","106.22M","2.20%"
"2022-03-14","417.00","420.89","424.55","415.79","95.73M","-0.73%"
"2022-03-11","420.07","428.12","428.77","419.53","95.64M","-1.27%"
"2022-03-10","425.48","422.52","426.43","420.44","93.97M","-0.45%"
"2022-03-09","427.41","425.14","429.51","422.82","116.99M","2.68%"
"2022-03-08","416.25","419.62","427.21","415.12","164.77M","-0.76%"
"2022-03-07","419.43","431.55","432.30","419.36","137.90M","-2.95%"
"2022-03-04","432.17","431.75","433.37","427.88","114.08M","-0.81%"
"2022-03-03","435.71","440.47","441.11","433.80","105.50M","-0.50%"
"2022-03-02","437.89","432.37","439.72","431.57","117.73M","1.84%"
"2022-03-01","429.98","435.04","437.17","427.11","137.79M","-1.52%"
"2022-02-28","436.63","432.03","438.20","430.70","145.62M","-0.26%"
"2022-02-25","437.75","429.61","437.84","427.86","121.80M","2.21%"
"2022-02-24","428.30","411.02","428.76","410.64","213.94M","1.50%"
"2022-02-23","421.95","432.66","433.26","421.35","132.58M","-1.77%"
"2022-02-22","429.57","431.89","435.50","425.86","124.39M","-1.07%"
"2022-02-18","434.23","437.33","438.66","431.82","132.64M","-0.65%"
"2022-02-17","437.06","443.22","446.57","436.42","102.26M","-2.14%"
"2022-02-16","446.60","443.93","448.06","441.94","84.86M","0.11%"
"2022-02-15","446.10","443.73","446.28","443.18","88.66M","1.61%"
"2022-02-14","439.02","439.92","441.60","435.34","123.01M","-0.33%"
"2022-02-11","440.46","449.41","451.61","438.94","153.21M","-1.97%"
"2022-02-10","449.32","451.34","457.71","447.20","140.10M","-1.80%"
"2022-02-09","457.54","455.22","457.88","455.00","92.59M","1.46%"
"2022-02-08","450.94","446.73","451.92","445.22","81.01M","0.82%"
"2022-02-07","447.26","449.51","450.99","445.85","84.47M","-0.32%"
"2022-02-04","448.70","446.35","452.78","443.83","118.45M","0.47%"
"2022-02-03","446.60","450.95","452.97","445.71","118.02M","-2.35%"
"2022-02-02","457.35","455.50","458.12","453.05","117.36M","0.97%"
"2022-02-01","452.95","450.68","453.63","446.94","123.16M","0.68%"
"2022-01-31","449.91","441.24","450.28","439.81","152.25M","1.80%"
"2022-01-28","441.95","432.68","442.00","427.82","164.46M","2.48%"
"2022-01-27","431.24","438.26","441.59","429.45","149.88M","-0.49%"
"2022-01-26","433.38","440.72","444.04","428.86","186.39M","-0.25%"
"2022-01-25","434.47","433.06","439.72","427.15","168.00M","-1.22%"
"2022-01-24","439.84","432.03","440.38","420.76","252.50M","0.42%"
"2022-01-21","437.98","445.56","448.06","437.95","202.27M","-1.96%"
"2022-01-20","446.75","453.75","458.74","444.50","122.38M","-1.11%"
"2022-01-19","451.75","458.13","459.61","451.46","109.36M","-1.04%"
"2022-01-18","456.49","459.74","459.96","455.31","109.87M","-1.77%"
"2022-01-14","464.72","461.19","465.09","459.90","95.89M","0.04%"
"2022-01-13","464.53","472.19","472.88","463.44","91.17M","-1.38%"
"2022-01-12","471.02","471.59","473.20","468.94","67.61M","0.27%"
"2022-01-11","469.75","465.23","469.85","462.05","74.30M","0.91%"
"2022-01-10","465.51","462.70","465.74","456.60","119.36M","-0.12%"
"2022-01-07","466.09","467.95","469.20","464.65","85.11M","-0.40%"
"2022-01-06","467.94","467.89","470.82","465.43","86.86M","-0.09%"
"2022-01-05","468.38","477.16","477.98","468.28","104.54M","-1.92%"
"2022-01-04","477.55","479.22","479.98","475.58","71.18M","-0.03%"
"2022-01-03","477.71","476.30","477.85","473.85","72.67M","0.58%"
"2021-12-31","474.96","475.64","476.86","474.67","65.24M","-0.25%"
"2021-12-30","476.16","477.93","479.00","475.67","55.33M","-0.28%"
"2021-12-29","477.48","476.98","478.56","475.92","54.50M","0.13%"
"2021-12-28","476.87","477.72","478.81","476.06","47.27M","-0.08%"
"2021-12-27","477.26","472.06","477.31","472.01","56.81M","1.42%"
"2021-12-23","470.60","468.75","472.19","468.64","56.44M","0.62%"
"2021-12-22","467.69","462.79","467.81","462.58","58.89M","1.00%"
"2021-12-21","463.06","458.61","463.21","456.31","69.81M","1.78%"
"2021-12-20","454.98","454.48","455.40","451.14","107.13M","-1.06%"
"2021-12-17","459.87","461.55","464.74","458.06","135.64M","-1.41%"
"2021-12-16","466.45","472.57","472.87","464.80","116.57M","-0.88%"
"2021-12-15","470.60","463.42","470.86","460.74","116.90M","1.56%"
"2021-12-14","463.36","463.09","465.74","460.25","97.26M","-0.69%"
"2021-12-13","466.57","470.19","470.56","466.27","87.72M","-0.89%"
"2021-12-10","470.74","469.23","470.90","466.51","77.16M","0.94%"
"2021-12-09","466.35","468.15","469.63","466.14","61.27M","-0.68%"
"2021-12-08","469.52","468.70","470.00","466.83","72.24M","0.26%"
"2021-12-07","468.28","464.41","468.88","458.65","95.48M","2.07%"
"2021-12-06","458.79","456.13","460.79","453.56","98.98M","1.18%"
"2021-12-03","453.42","459.17","460.30","448.92","137.33M","-0.87%"
"2021-12-02","457.40","450.73","459.07","450.31","127.64M","1.53%"
"2021-12-01","450.50","461.64","464.67","450.29","132.49M","-1.11%"
"2021-11-30","455.56","462.00","464.03","455.30","148.56M","-1.95%"
"2021-11-29","464.60","464.07","466.56","461.73","86.27M","1.23%"
"2021-11-26","458.97","462.34","463.90","457.77","112.67M","-2.23%"
"2021-11-24","469.44","466.06","469.57","465.19","61.86M","0.27%"
"2021-11-23","468.19","467.22","469.10","464.45","73.21M","0.13%"
"2021-11-22","467.57","470.89","473.54","467.35","72.76M","-0.28%"
"2021-11-19","468.89","469.61","470.94","468.50","57.32M","-0.18%"
"2021-11-18","469.73","469.24","470.01","466.34","50.63M","0.34%"
"2021-11-17","468.14","469.00","469.19","467.48","47.86M","-0.24%"
"2021-11-16","469.28","467.15","470.49","467.07","48.86M","0.40%"
"2021-11-15","467.43","468.64","468.81","466.23","46.98M","0.03%"
"2021-11-12","467.27","465.12","467.86","464.11","53.47M","0.75%"
"2021-11-11","463.77","465.21","465.29","463.75","34.85M","0.03%"
"2021-11-10","463.62","465.58","467.38","462.04","69.43M","-0.80%"
"2021-11-09","467.38","469.32","469.57","465.88","51.15M","-0.33%"
"2021-11-08","468.93","469.70","470.23","468.20","50.41M","0.09%"
"2021-11-05","468.53","469.28","470.65","466.92","66.39M","0.35%"
"2021-11-04","466.91","465.36","467.00","464.99","52.85M","0.47%"
"2021-11-03","464.72","461.30","465.15","460.83","52.51M","0.61%"
"2021-11-02","461.90","460.22","462.23","460.08","48.91M","0.40%"
"2021-11-01","460.04","460.30","460.70","458.20","48.43M","0.17%"
"2021-10-29","459.25","455.87","459.56","455.56","70.16M","0.20%"
"2021-10-28","458.32","455.46","458.40","455.45","51.44M","0.96%"
"2021-10-27","453.94","456.45","457.16","453.86","72.44M","-0.44%"
"2021-10-26","455.96","457.20","458.49","455.56","56.08M","0.09%"
"2021-10-25","455.55","454.28","455.90","452.39","45.21M","0.54%"
"2021-10-22","453.12","453.13","454.67","451.05","58.85M","-0.10%"
"2021-10-21","453.59","451.77","453.83","451.31","41.31M","0.26%"
"2021-10-20","452.41","451.13","452.73","451.01","49.57M","0.39%"
"2021-10-19","450.64","448.92","450.71","448.27","47.00M","0.77%"
"2021-10-18","447.19","443.97","447.55","443.27","62.21M","0.30%"
"2021-10-15","445.87","444.75","446.26","444.09","66.26M","0.76%"
"2021-10-14","442.50","439.08","442.66","438.58","70.24M","1.68%"
"2021-10-13","435.18","434.71","436.05","431.54","72.97M","0.36%"
"2021-10-12","433.62","435.67","436.10","432.78","71.18M","-0.25%"
"2021-10-11","434.69","437.16","440.26","434.62","65.23M","-0.72%"
"2021-10-08","437.86","439.48","439.89","437.19","74.56M","-0.18%"
"2021-10-07","438.66","438.39","441.68","438.20","72.44M","0.86%"
"2021-10-06","434.90","429.27","435.12","427.54","113.03M","0.42%"
"2021-10-05","433.10","430.24","435.49","429.39","90.68M","1.04%"
"2021-10-04","428.64","433.00","433.96","426.36","128.57M","-1.29%"
"2021-10-01","434.24","430.98","436.03","427.23","129.24M","1.19%"
"2021-09-30","429.14","436.02","436.77","428.78","140.51M","-1.22%"
"2021-09-29","434.45","435.19","437.04","433.85","82.33M","0.17%"
"2021-09-28","433.72","439.69","440.04","432.94","130.44M","-2.02%"
"2021-09-27","442.64","442.81","444.05","441.90","61.37M","-0.29%"
"2021-09-24","443.91","441.44","444.67","441.21","62.09M","0.16%"
"2021-09-23","443.18","439.85","444.89","439.60","76.40M","1.22%"
"2021-09-22","437.86","436.05","440.03","433.75","102.35M","0.98%"
"2021-09-21","433.63","436.53","437.91","433.07","92.53M","-0.09%"
"2021-09-20","434.04","434.88","436.56","428.86","166.45M","-1.67%"
"2021-09-17","441.40","444.92","445.37","441.02","118.43M","-1.29%"
"2021-09-16","447.17","447.32","448.36","444.02","77.79M","-0.16%"
"2021-09-15","447.88","444.62","448.41","443.44","78.79M","0.84%"
"2021-09-14","444.17","448.12","448.34","443.22","78.20M","-0.54%"
"2021-09-13","446.58","448.64","448.92","444.11","83.74M","0.26%"
"2021-09-10","445.44","451.04","451.49","445.31","89.95M","-0.79%"
"2021-09-09","448.98","450.70","452.57","448.72","57.97M","-0.43%"
"2021-09-08","450.91","450.89","451.67","448.86","56.18M","-0.12%"
"2021-09-07","451.46","452.71","452.81","450.74","51.67M","-0.36%"
"2021-09-03","453.08","451.98","453.63","451.55","47.23M","-0.02%"
"2021-09-02","453.19","453.32","454.05","451.91","42.83M","0.31%"
"2021-09-01","451.80","452.56","453.11","451.55","48.72M","0.05%"
"2021-08-31","451.56","452.13","452.49","450.92","59.30M","-0.15%"
"2021-08-30","452.23","450.97","453.07","450.71","48.36M","0.44%"
"2021-08-27","450.25","447.12","450.65","447.06","77.24M","0.89%"
"2021-08-26","446.26","448.61","448.86","446.16","57.83M","-0.59%"
"2021-08-25","448.91","448.17","449.46","447.77","40.53M","0.21%"
"2021-08-24","447.97","447.97","448.54","447.42","38.74M","0.16%"
"2021-08-23","447.26","445.16","448.23","443.44","54.97M","0.88%"
"2021-08-20","443.36","440.23","443.71","439.71","72.01M","0.80%"
"2021-08-19","439.86","436.27","441.14","436.12","92.81M","0.15%"
"2021-08-18","439.18","442.96","444.62","438.92","89.35M","-1.09%"
"2021-08-17","444.04","444.24","444.96","440.85","92.67M","-0.66%"
"2021-08-16","446.97","444.53","447.11","442.87","73.93M","0.24%"
"2021-08-13","445.92","445.59","445.94","445.07","39.47M","0.18%"
"2021-08-12","445.11","443.62","445.26","442.66","38.94M","0.30%"
"2021-08-11","443.78","443.82","443.88","442.62","44.03M","0.25%"
"2021-08-10","442.68","442.61","443.44","441.88","43.34M","0.12%"
"2021-08-09","442.13","442.46","442.80","441.31","41.22M","-0.08%"
"2021-08-08","442.49","442.49","442.49","442.49","","0.00%"
"2021-08-07","442.49","442.49","442.49","442.49","","0.00%"
"2021-08-06","442.49","442.10","442.94","441.80","46.93M","0.17%"
"2021-08-05","441.76","440.22","441.85","439.88","38.97M","0.63%"
"2021-08-04","438.98","439.78","441.12","438.73","46.73M","-0.49%"
"2021-08-03","441.15","438.44","441.28","436.10","58.05M","0.81%"
"2021-08-02","437.59","440.34","440.93","437.21","58.78M","-0.21%"
"2021-07-30","438.51","437.91","440.06","437.77","68.95M","-0.49%"
"2021-07-29","440.65","439.81","441.80","439.81","47.44M","0.41%"
"2021-07-28","438.83","439.68","440.30","437.31","52.47M","-0.04%"
"2021-07-27","439.01","439.91","439.94","435.99","67.40M","-0.46%"
"2021-07-26","441.02","439.31","441.03","439.26","43.72M","0.25%"
"2021-07-23","439.94","437.52","440.30","436.79","63.77M","1.03%"
"2021-07-22","435.46","434.74","435.72","433.69","47.88M","0.21%"
"2021-07-21","434.55","432.34","434.70","431.01","64.72M","0.81%"
"2021-07-20","431.06","425.68","432.42","424.83","99.61M","1.43%"
"2021-07-19","424.97","426.19","431.41","421.97","147.99M","-1.48%"
"2021-07-16","431.34","436.01","436.06","430.92","75.87M","-0.78%"
"2021-07-15","434.75","434.81","435.53","432.72","55.13M","-0.34%"
"2021-07-14","436.24","437.40","437.92","434.91","64.13M","0.15%"
"2021-07-13","435.59","436.24","437.84","435.31","52.91M","-0.34%"
"2021-07-12","437.08","435.43","437.35","434.97","52.89M","0.36%"
"2021-07-09","435.52","432.53","435.84","430.71","76.24M","1.07%"
"2021-07-08","430.92","428.78","431.73","427.52","97.60M","-0.81%"
"2021-07-07","434.46","433.66","434.76","431.51","63.55M","0.35%"
"2021-07-06","432.93","433.78","434.01","430.01","68.71M","-0.18%"
"2021-07-05","433.72","433.72","433.72","433.72","","0.00%"
"2021-07-04","433.72","433.72","433.72","433.72","","0.00%"
"2021-07-03","433.72","433.72","433.72","433.72","","0.00%"
"2021-07-02","433.72","431.67","434.10","430.52","57.70M","0.76%"
"2021-07-01","430.43","428.87","430.60","428.80","53.44M","0.55%"
"2021-06-30","428.06","427.21","428.78","427.18","64.83M","0.08%"
"2021-06-29","427.70","427.88","428.56","427.13","35.97M","0.05%"
"2021-06-28","427.47","427.17","427.65","425.89","53.16M","0.20%"
"2021-06-25","426.61","425.90","427.09","425.55","58.13M","0.36%"
"2021-06-24","425.10","424.89","425.55","424.62","45.11M","0.59%"
"2021-06-23","422.60","423.19","424.05","422.51","49.45M","-0.12%"
"2021-06-22","423.11","420.85","424.00","420.08","57.70M","0.53%"
"2021-06-21","420.86","416.80","421.06","415.93","72.82M","1.43%"
"2021-06-18","414.92","417.09","417.83","414.70","118.68M","-1.67%"
"2021-06-17","421.97","421.67","423.02","419.32","90.95M","-0.03%"
"2021-06-16","422.11","424.63","424.87","419.92","80.39M","-0.56%"
"2021-06-15","424.48","425.42","425.46","423.54","51.51M","-0.18%"
"2021-06-14","425.26","424.43","425.37","423.10","42.36M","0.22%"
"2021-06-11","424.31","424.20","424.43","422.82","45.57M","0.17%"
"2021-06-10","423.61","422.96","424.63","421.55","51.02M","0.46%"
"2021-06-09","421.65","423.18","423.26","421.41","48.44M","-0.15%"
"2021-06-08","422.28","423.11","423.21","420.32","47.13M","0.02%"
"2021-06-07","422.19","422.59","422.78","421.19","51.56M","-0.10%"
"2021-06-04","422.60","420.75","422.92","418.84","55.94M","0.91%"
"2021-06-03","418.77","417.85","419.99","416.28","58.14M","-0.37%"
"2021-06-02","420.33","420.37","421.23","419.29","49.10M","0.16%"
"2021-06-01","419.67","422.57","422.72","419.20","54.22M","-0.09%"
"2021-05-28","420.04","420.97","421.25","419.79","58.52M","0.18%"
"2021-05-27","419.29","420.17","420.72","418.99","56.71M","0.05%"
"2021-05-26","419.07","418.87","419.61","417.76","43.09M","0.20%"
"2021-05-25","418.24","420.33","420.71","417.62","57.45M","-0.22%"
"2021-05-24","419.17","417.34","420.32","417.08","51.38M","1.02%"
"2021-05-21","414.94","416.87","418.20","414.45","76.58M","-0.08%"
"2021-05-20","415.28","411.80","416.62","411.67","78.02M","1.08%"
"2021-05-19","410.86","406.92","411.05","405.33","106.47M","-0.26%"
"2021-05-18","411.94","415.80","416.06","411.77","59.81M","-0.86%"
"2021-05-17","415.52","415.39","416.39","413.36","65.13M","-0.25%"
"2021-05-14","416.58","413.21","417.49","413.18","82.20M","1.54%"
"2021-05-13","410.28","407.07","412.35","407.02","106.39M","1.20%"
"2021-05-12","405.41","411.23","412.59","404.00","134.81M","-2.12%"
"2021-05-11","414.21","413.10","415.27","410.06","116.89M","-0.89%"
"2021-05-10","417.94","422.50","422.74","417.81","81.85M","-0.99%"
"2021-05-07","422.12","419.89","422.81","419.16","67.73M","0.73%"
"2021-05-06","419.07","415.83","419.21","413.68","74.32M","0.80%"
"2021-05-05","415.75","417.38","417.63","414.94","60.28M","0.03%"
"2021-05-04","415.62","416.07","416.60","411.67","101.59M","-0.62%"
"2021-05-03","418.20","419.43","419.84","417.67","68.13M","0.22%"
"2021-04-30","417.30","417.63","418.54","416.34","85.53M","-0.66%"
"2021-04-29","420.06","420.32","420.72","416.44","78.54M","0.64%"
"2021-04-28","417.40","417.81","419.01","416.90","51.24M","-0.03%"
"2021-04-27","417.52","417.93","418.14","416.30","51.30M","-0.02%"
"2021-04-26","417.61","417.44","418.22","416.81","52.18M","0.21%"
"2021-04-23","416.74","412.87","418.25","412.79","73.28M","1.08%"
"2021-04-22","412.27","415.89","416.78","411.13","97.58M","-0.91%"
"2021-04-21","416.07","411.51","416.29","411.36","66.79M","0.95%"
"2021-04-20","412.17","413.91","415.09","410.59","81.85M","-0.73%"
"2021-04-19","415.21","416.26","416.74","413.79","78.50M","-0.49%"
"2021-04-16","417.26","417.25","417.91","415.73","82.04M","0.33%"
"2021-04-15","415.87","413.74","416.16","413.69","60.23M","1.07%"
"2021-04-14","411.45","412.83","413.96","410.87","61.66M","-0.34%"
"2021-04-13","412.86","411.53","413.53","411.12","56.55M","0.30%"
"2021-04-12","411.64","410.85","411.93","410.20","56.70M","0.04%"
"2021-04-09","411.49","408.39","411.67","408.26","61.10M","0.73%"
"2021-04-08","408.52","407.93","408.58","406.93","57.86M","0.47%"
"2021-04-07","406.59","405.94","406.96","405.45","55.84M","0.12%"
"2021-04-06","406.12","405.76","407.24","405.40","62.02M","-0.06%"
"2021-04-05","406.36","403.46","406.94","403.38","91.68M","1.44%"
"2021-04-01","400.61","398.40","400.67","398.18","99.68M","1.08%"
"2021-03-31","396.33","395.34","398.00","395.31","112.73M","0.41%"
"2021-03-30","394.73","394.42","395.45","393.02","76.26M","-0.27%"
"2021-03-29","395.78","394.40","396.75","392.81","108.11M","-0.05%"
"2021-03-26","395.98","390.93","396.41","390.29","114.41M","1.61%"
"2021-03-25","389.70","385.98","390.55","383.90","116.13M","0.56%"
"2021-03-24","387.52","391.00","392.75","387.47","97.59M","-0.51%"
"2021-03-23","389.50","391.91","393.46","388.66","90.69M","-0.79%"
"2021-03-22","392.59","390.03","394.07","389.97","73.78M","0.80%"
"2021-03-19","389.48","389.88","391.57","387.15","113.62M","-0.51%"
"2021-03-18","391.48","394.48","396.72","390.75","115.35M","-1.45%"
"2021-03-17","397.26","394.53","398.12","393.30","97.96M","0.34%"
"2021-03-16","395.91","397.07","397.83","395.08","73.72M","-0.13%"
"2021-03-15","396.41","394.33","396.69","392.03","73.59M","0.60%"
"2021-03-12","394.06","392.07","394.21","391.20","64.65M","0.13%"
"2021-03-11","393.53","392.23","395.65","391.74","86.25M","1.01%"
"2021-03-10","389.58","389.69","391.40","388.17","109.90M","0.62%"
"2021-03-09","387.17","385.85","389.91","381.73","113.63M","1.43%"
"2021-03-08","381.72","384.66","387.68","381.42","123.15M","-0.50%"
"2021-03-05","383.63","380.46","384.76","372.64","152.04M","1.84%"
"2021-03-04","376.70","381.22","384.00","371.88","183.43M","-1.24%"
"2021-03-03","381.42","385.79","386.83","381.31","119.94M","-1.32%"
"2021-03-02","386.54","389.82","390.07","386.00","79.60M","-0.78%"
"2021-03-01","389.58","385.59","390.92","380.57","105.35M","2.42%"
"2021-02-26","380.36","384.35","385.58","378.23","152.70M","-0.52%"
"2021-02-25","382.33","390.41","391.88","380.78","146.67M","-2.41%"
"2021-02-24","391.77","386.33","392.23","385.27","72.43M","1.10%"
"2021-02-23","387.50","384.66","388.94","380.20","107.28M","0.12%"
"2021-02-22","387.03","387.06","389.62","386.74","67.41M","-0.77%"
"2021-02-19","390.03","392.07","392.38","389.55","83.24M","-0.18%"
"2021-02-18","390.72","389.59","391.51","387.74","59.71M","-0.43%"
"2021-02-17","392.39","390.42","392.66","389.33","52.81M","0.02%"
"2021-02-16","392.30","393.96","394.17","391.53","50.97M","-0.09%"
"2021-02-12","392.64","389.85","392.90","389.77","50.59M","0.49%"
"2021-02-11","390.71","391.24","391.69","388.10","42.91M","0.16%"
"2021-02-10","390.08","392.12","392.28","387.50","59.15M","-0.04%"
"2021-02-09","390.25","389.61","390.89","389.17","35.55M","-0.07%"
"2021-02-08","390.51","389.27","390.56","388.35","38.37M","0.72%"
"2021-02-05","387.71","388.20","388.47","386.14","48.67M","0.39%"
"2021-02-04","386.19","382.96","386.24","381.97","47.14M","1.14%"
"2021-02-03","381.85","382.44","383.70","380.48","52.43M","0.08%"
"2021-02-02","381.55","379.65","383.22","376.32","64.45M","1.41%"
"2021-02-01","376.23","373.72","377.34","370.38","75.82M","1.66%"
"2021-01-29","370.07","375.63","376.67","368.27","126.77M","-2.00%"
"2021-01-28","377.63","376.36","381.93","375.89","94.20M","0.86%"
"2021-01-27","374.41","380.22","380.32","372.01","123.35M","-2.44%"
"2021-01-26","383.79","385.41","385.85","383.54","42.67M","-0.16%"
"2021-01-25","384.39","383.67","384.77","378.46","70.40M","0.39%"
"2021-01-22","382.88","382.25","384.13","381.83","52.14M","-0.35%"
"2021-01-21","384.24","384.49","384.95","383.25","47.96M","0.09%"
"2021-01-20","383.89","381.11","384.79","380.69","61.84M","1.38%"
"2021-01-19","378.65","378.34","379.23","376.75","51.23M","0.79%"
"2021-01-15","375.70","376.72","377.58","373.70","107.16M","-0.73%"
"2021-01-14","378.46","380.59","381.13","378.10","49.99M","-0.35%"
"2021-01-13","379.79","378.69","380.86","377.85","45.30M","0.27%"
"2021-01-12","378.77","378.89","379.86","376.36","52.55M","0.02%"
"2021-01-11","378.69","377.85","380.58","377.72","51.18M","-0.67%"
"2021-01-08","381.26","380.59","381.49","377.10","71.68M","0.57%"
"2021-01-07","379.10","376.10","379.90","375.91","68.77M","1.49%"
"2021-01-06","373.55","369.71","376.98","369.12","108.00M","0.60%"
"2021-01-05","371.33","368.10","372.50","368.05","66.43M","0.69%"
"2021-01-04","368.79","375.31","375.45","364.82","110.21M","-1.36%"